Player,Nation,Pos,Squad,Age,Born,MP,Starts,Min,90s,Gls,Ast,G+A,G-PK,PK,PKatt,CrdY,CrdR,Gls,Ast,G+A,G-PK,G+A-PK,Matches
Jones El-Abdellaoui,ma MAR,"MF,FW",Celta Vigo,20-030,2006,14,3,462,5.1,2,0,2,2,0,0,0,0,0.39,0.00,0.39,0.39,0.39,Matches
Tay Abed,il ISR,MF,Levante,21-340,2004,1,0,2,0.0,0,0,0,0,0,0,0,0,0.00,0.00,0.00,0.00,0.00,Matches
Abdel Abqar,ma MAR,DF,Getafe,26-338,1999,11,8,747,8.3,0,1,1,0,0,0,6,0,0.00,0.12,0.12,0.00,0.12,Matches
Akor Adams,ng NGA,FW,Sevilla,26-013,2000,18,11,1150,12.8,6,2,8,4,2,2,1,0,0.47,0.16,0.63,0.31,0.47,Matches
David Affengruber,at AUT,DF,Elche,24-329,2001,22,20,1813,20.1,0,0,0,0,0,0,5,1,0.00,0.00,0.00,0.00,0.00,Matches
Julen Agirrezabala,es ESP,GK,Valencia,25-047,2000,18,18,1620,18.0,0,0,0,0,0,0,1,0,0.00,0.00,0.00,0.00,0.00,Matches
Lucien Agoume,fr FRA,MF,Sevilla,24-002,2002,20,18,1585,17.6,1,2,3,1,0,0,9,0,0.06,0.11,0.17,0.06,0.17,Matches
Marc Aguado,es ESP,MF,Elche,25-354,2000,22,18,1502,16.7,0,1,1,0,0,0,1,0,0.00,0.06,0.06,0.00,0.06,Matches
Pablo Agudín,es ESP,MF,Oviedo,18-095,2007,4,0,70,0.8,0,0,0,0,0,0,0,0,0.00,0.00,0.00,0.00,0.00,Matches
Lucas Ahijado,es ESP,DF,Oviedo,31-012,1995,12,9,861,9.6,0,1,1,0,0,0,2,0,0.00,0.10,0.10,0.00,0.10,Matches
Joseph Aidoo,gh GHA,DF,Celta Vigo,30-135,1995,3,2,198,2.2,0,0,0,0,0,0,0,0,0.00,0.00,0.00,0.00,0.00,Matches
Ilias Akhomach,ma MAR,MF,Villarreal,21-301,2004,9,2,188,2.1,0,0,0,0,0,0,0,0,0.00,0.00,0.00,0.00,0.00,Matches
Ilias Akhomach,ma MAR,MF,Rayo Vallecano,21-301,2004,2,1,127,1.4,0,0,0,0,0,0,1,0,0.00,0.00,0.00,0.00,0.00,Matches
David Alaba,at AUT,DF,Real Madrid,33-232,1992,5,1,72,0.8,0,0,0,0,0,0,0,0,0.00,0.00,0.00,0.00,0.00,Matches
Alexandre Alemão,br BRA,FW,Rayo Vallecano,27-316,1998,13,6,631,7.0,1,0,1,1,0,0,1,0,0.14,0.00,0.14,0.14,0.14,Matches
Carles Aleñá,es ESP,MF,Alavés,28-037,1998,23,16,1379,15.3,0,3,3,0,0,0,3,0,0.00,0.20,0.20,0.00,0.20,Matches
Trent Alexander-Arnold,eng ENG,"DF,MF",Real Madrid,27-127,1998,9,5,407,4.5,0,1,1,0,0,0,0,0,0.00,0.22,0.22,0.00,0.22,Matches
Alfon,es ESP,MF,Sevilla,26-283,1999,10,4,312,3.5,1,0,1,1,0,0,0,0,0.29,0.00,0.29,0.29,0.29,Matches
Thiago Almada,ar ARG,"MF,FW",Atlético Madrid,24-291,2001,15,7,614,6.8,3,1,4,3,0,0,1,0,0.44,0.15,0.59,0.44,0.59,Matches
Domingos André Ribeiro Almeida,pt POR,"MF,FW",Valencia,25-257,2000,14,9,813,9.0,0,1,1,0,0,0,0,0,0.00,0.11,0.11,0.00,0.11,Matches
Marcos Alonso,es ESP,DF,Celta Vigo,35-045,1990,20,19,1703,18.9,1,0,1,0,1,1,2,0,0.05,0.00,0.05,0.00,0.00,Matches
Adrià Altimira,es ESP,DF,Villarreal,24-320,2001,1,0,9,0.1,0,0,0,0,0,0,0,0,0.00,0.00,0.00,0.00,0.00,Matches
Sergi Altimira,es ESP,MF,Real Betis,24-170,2001,15,9,779,8.7,1,1,2,1,0,0,2,0,0.12,0.12,0.23,0.12,0.23,Matches
Carlos Álvarez,es ESP,MF,Levante,22-189,2003,22,19,1562,17.4,3,1,4,3,0,0,3,0,0.17,0.06,0.23,0.17,0.23,Matches
Hugo Álvarez,es ESP,"FW,MF",Celta Vigo,22-224,2003,15,6,642,7.1,2,1,3,2,0,0,2,0,0.28,0.14,0.42,0.28,0.42,Matches
Julián Álvarez,ar ARG,FW,Atlético Madrid,26-011,2000,23,21,1632,18.1,7,3,10,5,2,3,2,0,0.39,0.17,0.55,0.28,0.44,Matches
Sofyan Amrabat,ma MAR,MF,Real Betis,29-174,1996,8,6,603,6.7,0,0,0,0,0,0,3,0,0.00,0.00,0.00,0.00,0.00,Matches
Miguel Ángel Rubio,es ESP,DF,Espanyol,27-337,1998,8,1,157,1.7,1,0,1,1,0,0,0,0,0.57,0.00,0.57,0.57,0.57,Matches
Miguel Ángel Sierra,es ESP,FW,Sevilla,21-212,2004,4,0,62,0.7,0,0,0,0,0,0,0,0,0.00,0.00,0.00,0.00,0.00,Matches
Antoniu,es ESP,MF,Espanyol,23-159,2002,8,1,115,1.3,0,0,0,0,0,0,1,0,0.00,0.00,0.00,0.00,0.00,Matches
Antony,br BRA,"MF,FW",Real Betis,25-352,2000,18,18,1495,16.6,6,4,10,6,0,0,1,1,0.36,0.24,0.60,0.36,0.60,Matches
Mauro Arambarri,uy URU,MF,Getafe,30-134,1995,23,23,2038,22.6,4,1,5,3,1,1,3,0,0.18,0.04,0.22,0.13,0.18,Matches
Jon Aramburu,ve VEN,DF,Real Sociedad,23-203,2002,21,19,1729,19.2,1,0,1,1,0,0,7,0,0.05,0.00,0.05,0.05,0.05,Matches
Juan Arango,ve VEN,MF,Girona,19-255,2006,2,0,18,0.2,0,0,0,0,0,0,1,0,0.00,0.00,0.00,0.00,0.00,Matches
Ronald Araújo,uy URU,DF,Barcelona,26-341,1999,12,7,656,7.3,2,0,2,2,0,0,2,0,0.27,0.00,0.27,0.27,0.27,Matches
Jesús Areso,es ESP,DF,Athletic Club,26-224,1999,19,12,1238,13.8,0,1,1,0,0,0,3,0,0.00,0.07,0.07,0.00,0.07,Matches
Iñigo Arguibide,es ESP,DF,Osasuna,20-298,2005,5,2,179,2.0,0,0,0,0,0,0,0,1,0.00,0.00,0.00,0.00,0.00,Matches
Kervin Arriaga,hn HON,MF,Levante,28-037,1998,16,11,1020,11.3,1,1,2,1,0,0,4,0,0.09,0.09,0.18,0.09,0.18,Matches
Takuma Asano,jp JPN,"MF,FW",Mallorca,31-093,1994,15,6,483,5.4,1,0,1,1,0,0,2,0,0.19,0.00,0.19,0.19,0.19,Matches
Raúl Asencio,es ESP,DF,Real Madrid,22-363,2003,17,12,1168,13.0,2,0,2,2,0,0,2,0,0.15,0.00,0.15,0.15,0.15,Matches
Iago Aspas,es ESP,"FW,MF",Celta Vigo,38-194,1987,20,8,780,8.7,2,3,5,1,1,1,3,0,0.23,0.35,0.58,0.12,0.46,Matches
Yaser Asprilla,co COL,"FW,MF",Girona,22-084,2003,15,6,611,6.8,0,0,0,0,0,0,0,0,0.00,0.00,0.00,0.00,0.00,Matches
Lander Astiazaran,es ESP,MF,Real Sociedad,19-310,2006,1,0,1,0.0,0,0,0,0,0,0,0,0,0.00,0.00,0.00,0.00,0.00,Matches
Ezequiel Ávila,ar ARG,FW,Real Betis,32-005,1994,10,2,229,2.5,1,0,1,0,1,1,3,0,0.39,0.00,0.39,0.00,0.00,Matches
César Azpilicueta,es ESP,DF,Sevilla,36-167,1989,10,10,722,8.0,0,0,0,0,0,0,4,0,0.00,0.00,0.00,0.00,0.00,Matches
Alex Baena,es ESP,MF,Atlético Madrid,24-206,2001,15,10,774,8.6,2,1,3,2,0,0,3,0,0.23,0.12,0.35,0.23,0.35,Matches
Eric Bailly,ci CIV,DF,Oviedo,31-305,1994,5,5,413,4.6,0,0,0,0,0,0,1,0,0.00,0.00,0.00,0.00,0.00,Matches
Cédric Bakambu,cd COD,FW,Real Betis,34-306,1991,9,2,224,2.5,1,0,1,1,0,0,0,0,0.40,0.00,0.40,0.40,0.40,Matches
Alejandro Balde,es ESP,DF,Barcelona,22-116,2003,19,17,1395,15.5,0,2,2,0,0,0,2,0,0.00,0.13,0.13,0.00,0.13,Matches
Iván Balliu,al ALB,DF,Rayo Vallecano,34-041,1992,9,2,255,2.8,0,0,0,0,0,0,3,0,0.00,0.00,0.00,0.00,0.00,Matches
Roony Bardghji,se SWE,MF,Barcelona,20-088,2005,12,3,278,3.1,1,1,2,1,0,0,0,0,0.32,0.32,0.65,0.32,0.65,Matches
Kike Barja,es ESP,MF,Osasuna,28-316,1997,15,1,204,2.3,0,0,0,0,0,0,2,0,0.00,0.00,0.00,0.00,0.00,Matches
Ander Barrenetxea,es ESP,"MF,FW",Real Sociedad,24-046,2001,19,13,1097,12.2,3,3,6,3,0,0,2,0,0.25,0.25,0.49,0.25,0.49,Matches
Pablo Barrios,es ESP,MF,Atlético Madrid,22-241,2003,21,19,1575,17.5,1,1,2,1,0,0,0,0,0.06,0.06,0.11,0.06,0.11,Matches
Marc Bartra,es ESP,DF,Real Betis,35-027,1991,19,16,1542,17.1,1,0,1,1,0,0,3,0,0.06,0.00,0.06,0.06,0.06,Matches
Augusto Batalla,ar ARG,GK,Rayo Vallecano,29-287,1996,22,22,1980,22.0,0,0,0,0,0,0,4,0,0.00,0.00,0.00,0.00,0.00,Matches
Samu Becerra,es ESP,MF,Rayo Vallecano,20-041,2006,3,0,12,0.1,0,0,0,0,0,0,0,0,0.00,0.00,0.00,0.00,0.00,Matches
Sheraldo Becker,sr SUR,"FW,MF",Osasuna,31-002,1995,9,0,158,1.8,0,0,0,0,0,0,0,0,0.00,0.00,0.00,0.00,0.00,Matches
Donny van de Beek,nl NED,MF,Girona,28-299,1997,2,1,41,0.5,0,0,0,0,0,0,0,0,0.00,0.00,0.00,0.00,0.00,Matches
Ismael Bekhoucha,ma MAR,DF,Getafe,21-083,2004,4,1,122,1.4,0,1,1,0,0,0,2,0,0.00,0.74,0.74,0.00,0.74,Matches
Héctor Bellerín,es ESP,DF,Real Betis,30-329,1995,16,12,1081,12.0,0,2,2,0,0,0,1,0,0.00,0.17,0.17,0.00,0.17,Matches
Jude Bellingham,eng ENG,MF,Real Madrid,22-227,2003,18,15,1291,14.3,4,3,7,4,0,0,1,0,0.28,0.21,0.49,0.28,0.49,Matches
Fran Beltrán,es ESP,MF,Girona,27-008,1999,3,3,223,2.5,0,0,0,0,0,0,1,0,0.00,0.00,0.00,0.00,0.00,Matches
Fran Beltrán,es ESP,MF,Celta Vigo,27-008,1999,10,7,528,5.9,0,0,0,0,0,0,0,0,0.00,0.00,0.00,0.00,0.00,Matches
Lucas Beltrán,ar ARG,FW,Valencia,24-319,2001,20,12,1008,11.2,1,2,3,1,0,0,0,0,0.09,0.18,0.27,0.09,0.27,Matches
Carlos Benavídez,uy URU,DF,Alavés,27-318,1998,7,2,212,2.4,0,0,0,0,0,0,2,1,0.00,0.00,0.00,0.00,0.00,Matches
Iker Benito,es ESP,MF,Osasuna,23-185,2002,5,1,150,1.7,1,0,1,1,0,0,1,0,0.60,0.00,0.60,0.60,0.60,Matches
Yuri Berchiche,es ESP,DF,Athletic Club,36-001,1990,20,19,1663,18.5,0,1,1,0,0,0,3,0,0.00,0.05,0.05,0.00,0.05,Matches
Álex Berenguer,es ESP,MF,Athletic Club,30-222,1995,20,18,1447,16.1,2,2,4,2,0,0,3,0,0.12,0.12,0.25,0.12,0.25,Matches
Lucas Bergström,fi FIN,GK,Mallorca,23-159,2002,5,5,450,5.0,0,0,0,0,0,0,1,0,0.00,0.00,0.00,0.00,0.00,Matches
Marc Bernal,es ESP,MF,Barcelona,18-261,2007,10,1,196,2.2,1,1,2,1,0,0,1,0,0.46,0.46,0.92,0.46,0.92,Matches
Pedro Bigas,es ESP,DF,Elche,35-149,1990,16,15,1235,13.7,0,2,2,0,0,0,2,0,0.00,0.15,0.15,0.00,0.15,Matches
Antonio Blanco,es ESP,MF,Alavés,25-203,2000,21,21,1825,20.3,1,1,2,1,0,0,5,0,0.05,0.05,0.10,0.05,0.10,Matches
Daley Blind,nl NED,DF,Girona,35-339,1990,21,20,1762,19.6,0,0,0,0,0,0,1,0,0.00,0.00,0.00,0.00,0.00,Matches
Adam Boayar,ma MAR,MF,Elche,20-121,2005,6,0,103,1.1,1,0,1,1,0,0,0,0,0.87,0.00,0.87,0.87,0.87,Matches
Adama Boiro,es ESP,DF,Athletic Club,23-234,2002,8,5,505,5.6,0,0,0,0,0,0,1,0,0.00,0.00,0.00,0.00,0.00,Matches
Rahim Bonkano,ne NIG,DF,Oviedo,24-041,2002,19,15,1414,15.7,0,0,0,0,0,0,1,0,0.00,0.00,0.00,0.00,0.00,Matches
Thiago Borbas,uy URU,FW,Oviedo,23-310,2002,3,0,25,0.3,0,0,0,0,0,0,1,0,0.00,0.00,0.00,0.00,0.00,Matches
Sebastián Boselli,uy URU,DF,Getafe,22-069,2003,2,0,6,0.1,0,0,0,0,0,0,0,0,0.00,0.00,0.00,0.00,0.00,Matches
Lucas Boyé,ar ARG,FW,Alavés,29-348,1996,17,13,1262,14.0,5,1,6,4,1,1,2,1,0.36,0.07,0.43,0.29,0.36,Matches
Enzo Boyomo,cm CMR,DF,Osasuna,24-127,2001,20,19,1642,18.2,1,1,2,1,0,0,4,0,0.05,0.05,0.11,0.05,0.11,Matches
Josip Brekalo,hr CRO,"MF,FW",Oviedo,27-233,1998,14,6,486,5.4,0,0,0,0,0,0,1,0,0.00,0.00,0.00,0.00,0.00,Matches
Abel Bretones,es ESP,"MF,DF",Osasuna,25-174,2000,19,15,1378,15.3,1,0,1,1,0,0,5,1,0.07,0.00,0.07,0.07,0.07,Matches
Brugui,es ESP,"MF,FW",Levante,29-099,1996,15,10,896,10.0,0,1,1,0,0,0,1,0,0.00,0.10,0.10,0.00,0.10,Matches
Tajon Buchanan,ca CAN,MF,Villarreal,27-003,1999,21,14,1275,14.2,5,1,6,5,0,0,7,0,0.35,0.07,0.42,0.35,0.42,Matches
Ante Budimir,hr CRO,FW,Osasuna,34-204,1991,22,20,1703,18.9,11,0,11,8,3,4,0,0,0.58,0.00,0.58,0.42,0.42,Matches
Manu Bueno,es ESP,MF,Sevilla,21-199,2004,4,0,81,0.9,0,0,0,0,0,0,0,0,0.00,0.00,0.00,0.00,0.00,Matches
Jorge Cabello,es ESP,DF,Levante,21-292,2004,5,4,362,4.0,0,0,0,0,0,0,1,0,0.00,0.00,0.00,0.00,0.00,Matches
Leandro Cabrera,uy URU,DF,Espanyol,34-239,1991,22,22,1980,22.0,3,0,3,3,0,0,1,0,0.14,0.00,0.14,0.14,0.14,Matches
Calebe,br BRA,MF,Alavés,25-287,2000,15,12,657,7.3,0,0,0,0,0,0,2,0,0.00,0.00,0.00,0.00,0.00,Matches
Fernando Calero,es ESP,DF,Espanyol,30-150,1995,19,17,1492,16.6,0,0,0,0,0,0,3,0,0.00,0.00,0.00,0.00,0.00,Matches
Duje Ćaleta-Car,hr CRO,DF,Real Sociedad,29-147,1996,15,13,1145,12.7,0,0,0,0,0,0,4,1,0.00,0.00,0.00,0.00,0.00,Matches
Dani Calvo,es ESP,DF,Oviedo,31-316,1994,9,7,705,7.8,0,0,0,0,0,0,3,0,0.00,0.00,0.00,0.00,0.00,Matches
Dawda Camara,mr MTN,FW,Girona,23-099,2002,2,1,72,0.8,0,0,0,0,0,0,0,0,0.00,0.00,0.00,0.00,0.00,Matches
Eduardo Camavinga,fr FRA,"MF,DF",Real Madrid,23-093,2002,17,9,917,10.2,1,0,1,1,0,0,0,0,0.10,0.00,0.10,0.10,0.10,Matches
Sergio Camello,es ESP,FW,Rayo Vallecano,25-001,2001,13,4,458,5.1,0,0,0,0,0,0,2,1,0.00,0.00,0.00,0.00,0.00,Matches
João Cancelo,pt POR,DF,Barcelona,31-260,1994,3,1,101,1.1,0,0,0,0,0,0,0,0,0.00,0.00,0.00,0.00,0.00,Matches
Sergi Cardona,es ESP,DF,Villarreal,26-218,1999,18,11,1137,12.6,0,3,3,0,0,0,3,0,0.00,0.24,0.24,0.00,0.24,Matches
Fábio Cardoso,pt POR,DF,Sevilla,31-298,1994,4,4,295,3.3,0,0,0,0,0,0,0,0,0.00,0.00,0.00,0.00,0.00,Matches
Johnny Cardoso,us USA,MF,Atlético Madrid,24-144,2001,8,7,466,5.2,0,0,0,0,0,0,3,0,0.00,0.00,0.00,0.00,0.00,Matches
David Carmo,ao ANG,DF,Oviedo,26-207,1999,16,14,1272,14.1,1,0,1,1,0,0,8,1,0.07,0.00,0.07,0.07,0.07,Matches
Carmona,es ESP,"DF,MF",Sevilla,24-013,2002,21,20,1763,19.6,1,3,4,1,0,0,9,0,0.05,0.15,0.20,0.05,0.20,Matches
Sergio Carreira,es ESP,MF,Celta Vigo,25-121,2000,20,17,1554,17.3,2,1,3,2,0,0,2,0,0.12,0.06,0.17,0.12,0.17,Matches
Gorka Carrera,es ESP,FW,Real Sociedad,20-272,2005,1,0,14,0.2,0,0,0,0,0,0,0,0,0.00,0.00,0.00,0.00,0.00,Matches
Álvaro Carreras,es ESP,DF,Real Madrid,22-325,2003,20,19,1698,18.9,2,1,3,2,0,0,4,1,0.11,0.05,0.16,0.11,0.16,Matches
Dani Carvajal,es ESP,DF,Real Madrid,34-031,1992,7,4,376,4.2,0,0,0,0,0,0,0,0,0.00,0.00,0.00,0.00,0.00,Matches
Marc Casado,es ESP,MF,Barcelona,22-150,2003,16,8,735,8.2,0,1,1,0,0,0,0,0,0.00,0.12,0.12,0.00,0.12,Matches
Castrin,es ESP,DF,Sevilla,23-041,2003,9,7,648,7.2,0,0,0,0,0,0,3,0,0.00,0.00,0.00,0.00,0.00,Matches
Jonny Castro,es ESP,DF,Alavés,31-345,1994,23,23,2004,22.3,0,0,0,0,0,0,5,0,0.00,0.00,0.00,0.00,0.00,Matches
Catena,es ESP,DF,Osasuna,31-106,1994,21,21,1844,20.5,2,2,4,2,0,0,8,1,0.10,0.10,0.20,0.10,0.20,Matches
Santi Cazorla,es ESP,MF,Oviedo,41-060,1984,13,4,468,5.2,0,0,0,0,0,0,0,1,0.00,0.00,0.00,0.00,0.00,Matches
Dani Ceballos,es ESP,MF,Real Madrid,29-188,1996,13,4,442,4.9,0,0,0,0,0,0,1,0,0.00,0.00,0.00,0.00,0.00,Matches
Lucas Cepeda,cl CHI,MF,Elche,23-103,2002,2,0,34,0.4,0,0,0,0,0,0,0,0,0.00,0.00,0.00,0.00,0.00,Matches
Jorge Cestero,es ESP,MF,Real Madrid,19-324,2006,1,0,1,0.0,0,0,0,0,0,0,0,0,0.00,0.00,0.00,0.00,0.00,Matches
Ilyas Chaira,ma MAR,"MF,FW",Oviedo,25-009,2001,20,17,1306,14.5,2,1,3,2,0,0,1,1,0.14,0.07,0.21,0.14,0.21,Matches
Pep Chavarría,es ESP,DF,Rayo Vallecano,27-307,1998,22,21,1911,21.2,1,2,3,1,0,0,6,1,0.05,0.09,0.14,0.05,0.14,Matches
Andreas Christensen,dk DEN,DF,Barcelona,29-307,1996,12,3,380,4.2,0,0,0,0,0,0,1,0,0.00,0.00,0.00,0.00,0.00,Matches
Víctor Chust,es ESP,DF,Elche,25-343,2000,17,14,1297,14.4,0,0,0,0,0,0,7,1,0.00,0.00,0.00,0.00,0.00,Matches
Pathé Ciss,sn SEN,"MF,DF",Rayo Vallecano,31-332,1994,16,12,1131,12.6,1,0,1,1,0,0,4,2,0.08,0.00,0.08,0.08,0.08,Matches
Santiago Colombatto,ar ARG,MF,Oviedo,29-025,1997,18,16,1387,15.4,0,1,1,0,0,0,4,0,0.00,0.06,0.06,0.00,0.06,Matches
Eray Cömert,ch SUI,DF,Valencia,28-007,1998,6,4,387,4.3,1,0,1,1,0,0,1,0,0.23,0.00,0.23,0.23,0.23,Matches
Santi Comesaña,es ESP,MF,Villarreal,29-129,1996,20,16,1360,15.1,2,2,4,2,0,0,3,1,0.13,0.13,0.26,0.13,0.26,Matches
Copete,es ESP,DF,Valencia,26-124,1999,20,18,1669,18.5,0,0,0,0,0,0,5,0,0.00,0.00,0.00,0.00,0.00,Matches
Iván Corralejo,es ESP,MF,Real Betis,18-286,2007,1,0,15,0.2,0,0,0,0,0,0,0,0,0.00,0.00,0.00,0.00,0.00,Matches
Thierry Correia,pt POR,"DF,MF",Valencia,26-339,1999,15,12,953,10.6,0,1,1,0,0,0,3,0,0.00,0.09,0.09,0.00,0.09,Matches
Paco Cortés,es ESP,MF,Levante,18-184,2007,4,0,70,0.8,0,0,0,0,0,0,0,0,0.00,0.00,0.00,0.00,0.00,Matches
Coba da Costa,es ESP,MF,Getafe,23-200,2002,14,2,348,3.9,0,0,0,0,0,0,1,0,0.00,0.00,0.00,0.00,0.00,Matches
Samu Costa,pt POR,MF,Mallorca,25-076,2000,20,17,1526,17.0,4,0,4,4,0,0,7,0,0.24,0.00,0.24,0.24,0.24,Matches
David Costas,es ESP,DF,Oviedo,30-322,1995,17,16,1430,15.9,0,0,0,0,0,0,2,0,0.00,0.00,0.00,0.00,0.00,Matches
Thibaut Courtois,be BEL,GK,Real Madrid,33-276,1992,23,23,2070,23.0,0,0,0,0,0,0,0,0,0.00,0.00,0.00,0.00,0.00,Matches
Juan Cruz Armada,es ESP,DF,Osasuna,33-198,1992,12,7,580,6.4,0,0,0,0,0,0,0,0,0.00,0.00,0.00,0.00,0.00,Matches
Pau Cubarsí,es ESP,DF,Barcelona,19-020,2007,19,19,1652,18.4,0,0,0,0,0,0,1,0,0.00,0.00,0.00,0.00,0.00,Matches
Cucho,co COL,FW,Real Betis,26-297,1999,19,19,1645,18.3,8,3,11,7,1,1,2,0,0.44,0.16,0.60,0.38,0.55,Matches
Pablo Cuñat,es ESP,GK,Levante,23-289,2002,2,2,180,2.0,0,0,0,0,0,0,0,0,0.00,0.00,0.00,0.00,0.00,Matches
Arnaut Danjuma,nl NED,"MF,FW",Valencia,29-011,1997,22,17,1424,15.8,3,2,5,3,0,1,0,0,0.19,0.13,0.32,0.19,0.32,Matches
Sergi Darder,es ESP,MF,Mallorca,32-051,1993,23,18,1580,17.6,1,2,3,1,0,0,3,0,0.06,0.11,0.17,0.06,0.17,Matches
Davinchi,es ESP,DF,Getafe,18-118,2007,7,4,429,4.8,0,0,0,0,0,0,1,0,0.00,0.00,0.00,0.00,0.00,Matches
Leander Dendoncker,be BEL,MF,Oviedo,30-302,1995,18,15,1315,14.6,1,0,1,1,0,0,2,0,0.07,0.00,0.07,0.07,0.07,Matches
Nelson Deossa,co COL,MF,Real Betis,26-005,2000,13,6,524,5.8,0,0,0,0,0,0,2,0,0.00,0.00,0.00,0.00,0.00,Matches
Bambo Diaby,sn SEN,DF,Elche,28-056,1997,4,1,102,1.1,0,0,0,0,0,0,1,0,0.00,0.00,0.00,0.00,0.00,Matches
Mouctar Diakhaby,gn GUI,DF,Valencia,29-054,1996,8,7,543,6.0,1,0,1,1,0,0,3,0,0.17,0.00,0.17,0.17,0.17,Matches
Grady Diangana,cd COD,"MF,FW",Elche,27-298,1998,13,9,607,6.7,1,0,1,1,0,0,2,0,0.15,0.00,0.15,0.15,0.15,Matches
Moussa Diarra,ml MLI,DF,Alavés,25-093,2000,3,3,216,2.4,0,0,0,0,0,0,1,0,0.00,0.00,0.00,0.00,0.00,Matches
Brahim Díaz,ma MAR,"MF,FW",Real Madrid,26-192,1999,15,3,426,4.7,0,4,4,0,0,0,1,0,0.00,0.85,0.85,0.00,0.85,Matches
Pedro Díaz,es ESP,"MF,FW",Rayo Vallecano,27-251,1998,19,13,1119,12.4,0,0,0,0,0,0,1,0,0.00,0.00,0.00,0.00,0.00,Matches
Stole Dimitrievski,mk MKD,GK,Valencia,32-048,1993,5,5,450,5.0,0,0,0,0,0,0,0,0,0.00,0.00,0.00,0.00,0.00,Matches
Matías Dituro,ar ARG,GK,Elche,38-279,1987,7,7,630,7.0,0,0,0,0,0,0,1,0,0.00,0.00,0.00,0.00,0.00,Matches
Djené,tg TOG,"DF,MF",Getafe,34-042,1991,22,20,1674,18.6,0,0,0,0,0,0,6,0,0.00,0.00,0.00,0.00,0.00,Matches
Marko Dmitrović,rs SRB,GK,Espanyol,34-018,1992,23,23,2070,23.0,0,0,0,0,0,0,0,0,0.00,0.00,0.00,0.00,0.00,Matches
Tyrhys Dolan,eng ENG,MF,Espanyol,24-045,2001,22,17,1473,16.4,0,3,3,0,0,0,4,1,0.00,0.18,0.18,0.00,0.18,Matches
Marc Domenech,es ESP,MF,Mallorca,20-041,2006,7,2,214,2.4,0,1,1,0,0,0,0,0,0.00,0.42,0.42,0.00,0.42,Matches
Carlos Dominguez,es ESP,DF,Celta Vigo,25-000,2001,6,4,436,4.8,0,0,0,0,0,0,1,0,0.00,0.00,0.00,0.00,0.00,Matches
John Donald,es ESP,"DF,MF",Elche,25-165,2000,13,5,447,5.0,1,0,1,1,0,0,2,0,0.20,0.00,0.20,0.20,0.20,Matches
Domingos Duarte,pt POR,DF,Getafe,30-338,1995,20,20,1713,19.0,0,0,0,0,0,0,7,0,0.00,0.00,0.00,0.00,0.00,Matches
Pablo Durán,es ESP,"FW,MF",Celta Vigo,24-262,2001,18,10,900,10.0,2,1,3,2,0,0,0,0,0.20,0.10,0.30,0.20,0.30,Matches
Hugo Duro,es ESP,FW,Valencia,26-093,1999,22,15,1366,15.2,7,0,7,7,0,0,4,0,0.46,0.00,0.46,0.46,0.46,Matches
Claudio Echeverri,ar ARG,MF,Girona,20-040,2006,3,0,95,1.1,0,0,0,0,0,0,1,0,0.00,0.00,0.00,0.00,0.00,Matches
Ovie Ejaria,eng ENG,MF,Oviedo,28-085,1997,7,2,180,2.0,0,0,0,0,0,0,1,0,0.00,0.00,0.00,0.00,0.00,Matches
Chidera Ejuke,ng NGA,"MF,FW",Sevilla,28-040,1998,16,4,504,5.6,1,1,2,1,0,0,0,0,0.18,0.18,0.36,0.18,0.36,Matches
Unai Elgezabal,es ESP,"DF,MF",Levante,32-292,1993,12,11,958,10.6,1,0,1,1,0,0,2,0,0.09,0.00,0.09,0.09,0.09,Matches
Aritz Elustondo,es ESP,DF,Real Sociedad,31-320,1994,8,4,337,3.7,0,0,0,0,0,0,0,0,0.00,0.00,0.00,0.00,0.00,Matches
Endrick,br BRA,FW,Real Madrid,19-205,2006,1,0,12,0.1,0,0,0,0,0,0,0,0,0.00,0.00,0.00,0.00,0.00,Matches
Aarón Escandell,es ESP,GK,Oviedo,30-137,1995,22,22,1980,22.0,0,0,0,0,0,0,2,0,0.00,0.00,0.00,0.00,0.00,Matches
Carlos Espí,es ESP,FW,Levante,20-202,2005,10,0,200,2.2,1,0,1,1,0,0,0,0,0.45,0.00,0.45,0.45,0.45,Matches
Alfonso Espino,uy URU,"DF,MF",Rayo Vallecano,34-037,1992,16,5,558,6.2,1,0,1,1,0,0,1,0,0.16,0.00,0.16,0.16,0.16,Matches
Marco Esteban,es ESP,DF,Oviedo,20-041,2006,1,0,45,0.5,0,0,0,0,0,0,0,0,0.00,0.00,0.00,0.00,0.00,Matches
Karl Etta Eyong,cm CMR,FW,Villarreal,22-120,2003,3,3,256,2.8,1,2,3,1,0,0,0,0,0.35,0.70,1.05,0.35,1.05,Matches
Karl Etta Eyong,cm CMR,FW,Levante,22-120,2003,17,15,1222,13.6,5,1,6,5,0,1,2,0,0.37,0.07,0.44,0.37,0.44,Matches
Edu Expósito,es ESP,MF,Espanyol,29-194,1996,22,19,1515,16.8,0,5,5,0,0,0,4,0,0.00,0.30,0.30,0.00,0.30,Matches
Abde Ezzalzouli,ma MAR,MF,Real Betis,24-056,2001,14,12,1050,11.7,4,4,8,4,0,0,2,0,0.34,0.34,0.69,0.34,0.69,Matches
Omar Falah,es ESP,DF,Oviedo,22-155,2003,1,0,14,0.2,0,0,0,0,0,0,0,0,0.00,0.00,0.00,0.00,0.00,Matches
Aleix Febas,es ESP,MF,Elche,30-009,1996,22,22,1968,21.9,2,1,3,2,0,0,6,0,0.09,0.05,0.14,0.09,0.14,Matches
Luiz Felipe,it ITA,DF,Rayo Vallecano,28-326,1997,8,5,290,3.2,0,0,0,0,0,0,1,0,0.00,0.00,0.00,0.00,0.00,Matches
Kiko Femenía,es ESP,"DF,MF",Getafe,35-009,1991,18,16,1311,14.6,0,1,1,0,0,0,2,0,0.00,0.07,0.07,0.00,0.07,Matches
Dro Fernández,es ESP,MF,Barcelona,18-030,2008,4,1,92,1.0,0,0,0,0,0,0,0,0,0.00,0.00,0.00,0.00,0.00,Matches
Manu Fernández,es ESP,DF,Celta Vigo,24-294,2001,12,9,707,7.9,0,0,0,0,0,0,2,0,0.00,0.00,0.00,0.00,0.00,Matches
Pelayo Fernandez,es ESP,DF,Rayo Vallecano,22-288,2003,1,0,45,0.5,0,0,0,0,0,0,0,0,0.00,0.00,0.00,0.00,0.00,Matches
Roberto Férnandez,es ESP,FW,Espanyol,23-223,2002,23,18,1645,18.3,5,2,7,4,1,1,1,0,0.27,0.11,0.38,0.22,0.33,Matches
Thiago Fernández,ar ARG,MF,Oviedo,21-314,2004,1,0,27,0.3,0,1,1,0,0,0,0,0,0.00,3.33,3.33,0.00,3.33,Matches
Toni Fernández,es ESP,FW,Barcelona,17-211,2008,1,1,45,0.5,0,0,0,0,0,0,0,0,0.00,0.00,0.00,0.00,0.00,Matches
Álvaro Fidalgo,es ESP,MF,Real Betis,28-308,1997,1,1,86,1.0,0,0,0,0,0,0,0,0,0.00,0.00,0.00,0.00,0.00,Matches
Junior Firpo,do DOM,DF,Real Betis,29-173,1996,8,6,539,6.0,0,1,1,0,0,0,2,0,0.00,0.17,0.17,0.00,0.17,Matches
Nicolas Fonseca,uy URU,MF,Oviedo,27-115,1998,5,0,117,1.3,0,0,0,0,0,0,2,0,0.00,0.00,0.00,0.00,0.00,Matches
Álex Forés,es ESP,FW,Oviedo,24-305,2001,12,2,274,3.0,0,1,1,0,0,0,0,0,0.00,0.33,0.33,0.00,0.33,Matches
Pablo Fornals,es ESP,MF,Real Betis,29-354,1996,23,22,1848,20.5,6,4,10,6,0,0,1,0,0.29,0.19,0.49,0.29,0.49,Matches
Héctor Fort,es ESP,"DF,MF",Elche,19-193,2006,9,5,327,3.6,1,2,3,1,0,0,0,0,0.28,0.55,0.83,0.28,0.83,Matches
Dimitri Foulquier,fr FRA,DF,Valencia,32-325,1993,15,12,1150,12.8,0,0,0,0,0,0,1,0,0.00,0.00,0.00,0.00,0.00,Matches
Juan Foyth,ar ARG,DF,Villarreal,28-030,1998,13,12,934,10.4,0,0,0,0,0,0,2,0,0.00,0.00,0.00,0.00,0.00,Matches
Alejandro Francés,es ESP,DF,Girona,23-194,2002,13,5,485,5.4,0,0,0,0,0,0,1,1,0.00,0.00,0.00,0.00,0.00,Matches
Alex Freeman,us USA,DF,Villarreal,21-186,2004,1,0,18,0.2,0,0,0,0,0,0,0,0,0.00,0.00,0.00,0.00,0.00,Matches
Jorge de Frutos,es ESP,"MF,FW",Rayo Vallecano,28-356,1997,20,20,1440,16.0,7,1,8,7,0,0,2,0,0.44,0.06,0.50,0.44,0.50,Matches
Javi Galán,es ESP,DF,Osasuna,31-084,1994,6,6,524,5.8,0,1,1,0,0,0,1,0,0.00,0.17,0.17,0.00,0.17,Matches
Javi Galán,es ESP,DF,Atlético Madrid,31-084,1994,5,1,134,1.5,0,0,0,0,0,0,0,0,0.00,0.00,0.00,0.00,0.00,Matches
Iñigo Ruiz de Galarreta,es ESP,MF,Athletic Club,32-189,1993,21,19,1343,14.9,1,1,2,1,0,0,9,0,0.07,0.07,0.13,0.07,0.13,Matches
Conor Gallagher,eng ENG,MF,Atlético Madrid,26-005,2000,19,4,679,7.5,2,0,2,2,0,0,2,0,0.27,0.00,0.27,0.27,0.27,Matches
Facundo Garcés,my MAS,DF,Alavés,26-159,1999,8,7,675,7.5,0,0,0,0,0,0,3,0,0.00,0.00,0.00,0.00,0.00,Matches
Álvaro García,es ESP,"MF,FW",Rayo Vallecano,33-107,1992,22,18,1579,17.5,3,3,6,3,0,0,2,0,0.17,0.17,0.34,0.17,0.34,Matches
Eric García,es ESP,"DF,MF",Barcelona,25-033,2001,23,21,1828,20.3,1,0,1,1,0,0,2,0,0.05,0.00,0.05,0.05,0.05,Matches
Fran Garcia,es ESP,"DF,MF",Real Madrid,26-181,1999,7,5,414,4.6,1,0,1,1,0,0,2,1,0.22,0.00,0.22,0.22,0.22,Matches
Gonzalo García,es ESP,FW,Real Madrid,21-324,2004,18,4,433,4.8,3,0,3,3,0,0,1,0,0.62,0.00,0.62,0.62,0.62,Matches
Hugo García,es ESP,MF,Celta Vigo,19-103,2006,1,0,8,0.1,0,0,0,0,0,0,0,0,0.00,0.00,0.00,0.00,0.00,Matches
Joan García,es ESP,GK,Barcelona,24-283,2001,17,17,1530,17.0,0,0,0,0,0,0,1,0,0.00,0.00,0.00,0.00,0.00,Matches
Pablo Garcia,es ESP,MF,Real Betis,19-243,2006,14,2,372,4.1,0,0,0,0,0,0,1,0,0.00,0.00,0.00,0.00,0.00,Matches
Rubén García,es ESP,"MF,FW",Osasuna,32-212,1993,21,15,1266,14.1,2,5,7,2,0,0,3,0,0.14,0.36,0.50,0.14,0.50,Matches
Víctor García,es ESP,MF,Levante,28-148,1997,10,4,351,3.9,0,0,0,0,0,0,0,0,0.00,0.00,0.00,0.00,0.00,Matches
Gavi,es ESP,"FW,MF",Barcelona,21-190,2004,2,0,67,0.7,0,1,1,0,0,0,0,0,0.00,1.34,1.34,0.00,1.34,Matches
Paulo Gazzaniga,ar ARG,GK,Girona,34-040,1992,20,20,1752,19.5,0,0,0,0,0,0,4,1,0.00,0.00,0.00,0.00,0.00,Matches
Mourad El Ghezouani,ma MAR,FW,Elche,27-260,1998,2,0,50,0.6,0,0,0,0,0,0,0,0,0.00,0.00,0.00,0.00,0.00,Matches
Bryan Gil,es ESP,MF,Girona,25-000,2001,20,14,1135,12.6,0,3,3,0,0,0,4,0,0.00,0.24,0.24,0.00,0.24,Matches
Moi Gómez,es ESP,MF,Osasuna,31-233,1994,17,10,911,10.1,0,0,0,0,0,0,1,0,0.00,0.00,0.00,0.00,0.00,Matches
Sergio Gómez,es ESP,DF,Real Sociedad,25-160,2000,22,18,1612,17.9,0,1,1,0,0,0,1,0,0.00,0.06,0.06,0.00,0.06,Matches
Unai Gómez,es ESP,"MF,FW",Athletic Club,22-262,2003,15,4,484,5.4,1,1,2,1,0,0,0,0,0.19,0.19,0.37,0.19,0.37,Matches
Valentín Gómez,ar ARG,DF,Real Betis,22-230,2003,17,11,1105,12.3,1,0,1,1,0,0,4,0,0.08,0.00,0.08,0.08,0.08,Matches
Nicolás González,ar ARG,"MF,DF",Atlético Madrid,27-311,1998,17,14,1035,11.5,1,0,1,1,0,0,3,0,0.09,0.00,0.09,0.09,0.09,Matches
Urko González,es ESP,MF,Espanyol,24-328,2001,21,15,1425,15.8,0,1,1,0,0,0,3,0,0.00,0.06,0.06,0.00,0.06,Matches
Urko González,es ESP,"DF,MF",Real Sociedad,24-328,2001,1,0,11,0.1,0,0,0,0,0,0,0,0,0.00,0.00,0.00,0.00,0.00,Matches
Andoni Gorosabel,es ESP,DF,Athletic Club,29-191,1996,12,7,600,6.7,0,1,1,0,0,0,2,0,0.00,0.15,0.15,0.00,0.15,Matches
Jon Gorrotxategi,es ESP,MF,Real Sociedad,24-009,2002,21,18,1614,17.9,1,3,4,1,0,0,6,0,0.06,0.17,0.22,0.06,0.22,Matches
Mikel Goti,es ESP,MF,Real Sociedad,23-264,2002,4,1,76,0.8,0,0,0,0,0,0,0,0,0.00,0.00,0.00,0.00,0.00,Matches
Antoine Griezmann,fr FRA,FW,Atlético Madrid,34-327,1991,21,5,767,8.5,6,0,6,6,0,0,0,0,0.70,0.00,0.70,0.70,0.70,Matches
Nemanja Gudelj,rs SRB,"DF,MF",Sevilla,34-087,1991,19,14,1320,14.7,1,0,1,1,0,0,5,0,0.07,0.00,0.07,0.07,0.07,Matches
Gonçalo Guedes,pt POR,MF,Real Sociedad,29-074,1996,23,17,1269,14.1,6,3,9,6,0,0,1,0,0.43,0.21,0.64,0.43,0.64,Matches
Javier Guerra,es ESP,MF,Valencia,23-041,2003,22,13,1042,11.6,0,2,2,0,0,0,2,0,0.00,0.17,0.17,0.00,0.17,Matches
Daniel Guerrero,es ESP,MF,Real Betis,20-200,2005,1,0,1,0.0,0,0,0,0,0,0,0,0,0.00,0.00,0.00,0.00,0.00,Matches
Ander Guevara,es ESP,MF,Alavés,28-219,1997,15,2,461,5.1,1,0,1,1,0,0,2,0,0.20,0.00,0.20,0.20,0.20,Matches
Pape Gueye,sn SEN,MF,Villarreal,27-018,1999,16,12,1046,11.6,2,1,3,2,0,0,6,0,0.17,0.09,0.26,0.17,0.26,Matches
Arda Güler,tr TUR,MF,Real Madrid,20-351,2005,23,18,1433,15.9,3,7,10,3,0,0,1,0,0.19,0.44,0.63,0.19,0.63,Matches
Gerard Gumbau,es ESP,MF,Rayo Vallecano,31-055,1994,15,4,398,4.4,0,1,1,0,0,0,3,0,0.00,0.23,0.23,0.00,0.23,Matches
Jon Guridi,es ESP,"MF,FW",Alavés,30-348,1995,15,7,557,6.2,0,0,0,0,0,0,0,0,0.00,0.00,0.00,0.00,0.00,Matches
Gorka Guruzeta,es ESP,"FW,MF",Athletic Club,29-152,1996,20,16,1288,14.3,4,1,5,4,0,0,3,1,0.28,0.07,0.35,0.28,0.35,Matches
Dávid Hancko,sk SVK,DF,Atlético Madrid,28-060,1997,23,20,1847,20.5,0,2,2,0,0,0,0,0,0.00,0.10,0.10,0.00,0.10,Matches
Haissem Hassan,fr FRA,"MF,FW",Oviedo,24-003,2002,21,13,1248,13.9,0,2,2,0,0,0,1,0,0.00,0.14,0.14,0.00,0.14,Matches
Jorge Herrando,es ESP,DF,Osasuna,24-348,2001,19,10,1030,11.4,0,1,1,0,0,0,2,0,0.00,0.09,0.09,0.00,0.09,Matches
Sergio Herrera,es ESP,GK,Osasuna,32-251,1993,23,23,2070,23.0,0,0,0,0,0,0,2,0,0.00,0.00,0.00,0.00,0.00,Matches
Yangel Herrera,ve VEN,MF,Girona,28-028,1998,2,2,110,1.2,0,0,0,0,0,0,0,0,0.00,0.00,0.00,0.00,0.00,Matches
Yangel Herrera,ve VEN,MF,Real Sociedad,28-028,1998,3,2,97,1.1,0,0,0,0,0,0,1,0,0.00,0.00,0.00,0.00,0.00,Matches
Asier Hierro,es ESP,FW,Athletic Club,20-281,2005,1,0,34,0.4,0,0,0,0,0,0,0,0,0.00,0.00,0.00,0.00,0.00,Matches
Omar El Hilali,ma MAR,DF,Espanyol,22-152,2003,21,18,1580,17.6,0,2,2,0,0,0,5,0,0.00,0.11,0.11,0.00,0.11,Matches
Ali Houary,ma MAR,MF,Elche,20-190,2005,2,2,123,1.4,0,0,0,0,0,0,0,0,0.00,0.00,0.00,0.00,0.00,Matches
Dean Huijsen,es ESP,DF,Real Madrid,20-303,2005,17,16,1280,14.2,1,2,3,1,0,0,3,1,0.07,0.14,0.21,0.07,0.21,Matches
Pablo Ibáñez,es ESP,MF,Alavés,27-144,1998,23,18,1395,15.5,1,1,2,1,0,0,4,0,0.06,0.06,0.13,0.06,0.13,Matches
Stanis Idumbo,be BEL,MF,Sevilla,20-227,2005,1,1,45,0.5,0,0,0,0,0,0,0,0,0.00,0.00,0.00,0.00,0.00,Matches
Iglesias,es ESP,"DF,MF",Getafe,27-223,1998,22,21,1864,20.7,1,1,2,1,0,0,2,0,0.05,0.05,0.10,0.05,0.10,Matches
Borja Iglesias,es ESP,FW,Celta Vigo,33-025,1993,21,14,1230,13.7,9,2,11,6,3,3,4,0,0.66,0.15,0.80,0.44,0.59,Matches
Luka Ilić,rs SRB,"MF,FW",Oviedo,26-224,1999,14,6,548,6.1,1,0,1,1,0,0,4,1,0.16,0.00,0.16,0.16,0.16,Matches
Isco,es ESP,"FW,MF",Real Betis,33-296,1992,1,0,31,0.3,0,1,1,0,0,0,0,0,0.00,2.90,2.90,0.00,2.90,Matches
Urko Izeta,es ESP,FW,Athletic Club,26-135,1999,9,1,148,1.6,0,0,0,0,0,0,2,0,0.00,0.00,0.00,0.00,0.00,Matches
Jairo Izquierdo,es ESP,"DF,FW",Elche,32-112,1993,1,0,24,0.3,0,0,0,0,0,0,0,0,0.00,0.00,0.00,0.00,0.00,Matches
Adnan Januzaj,be BEL,"MF,FW",Sevilla,31-006,1995,10,2,259,2.9,0,0,0,0,0,0,1,0,0.00,0.00,0.00,0.00,0.00,Matches
Mikel Jauregizar,es ESP,MF,Athletic Club,22-090,2003,23,23,1958,21.8,1,0,1,1,0,0,2,0,0.05,0.00,0.05,0.05,0.05,Matches
David Jiménez,es ESP,DF,Real Madrid,21-334,2004,2,1,76,0.8,0,0,0,0,0,0,0,0,0.00,0.00,0.00,0.00,0.00,Matches
Jofre,es ESP,MF,Espanyol,24-239,2001,15,7,621,6.9,0,0,0,0,0,0,1,0,0.00,0.00,0.00,0.00,0.00,Matches
Frenkie de Jong,nl NED,MF,Barcelona,28-275,1997,17,14,1315,14.6,0,4,4,0,0,0,4,1,0.00,0.27,0.27,0.00,0.27,Matches
Joan Jordán,es ESP,MF,Sevilla,31-220,1994,3,0,25,0.3,0,0,0,0,0,0,1,0,0.00,0.00,0.00,0.00,0.00,Matches
Josan,es ESP,"MF,DF",Elche,36-070,1989,12,4,415,4.6,0,2,2,0,0,0,2,0,0.00,0.43,0.43,0.00,0.43,Matches
Mateo Joseph,es ESP,"MF,FW",Mallorca,22-115,2003,22,14,1284,14.3,2,2,4,2,0,0,2,0,0.14,0.14,0.28,0.14,0.28,Matches
Juanmi,es ESP,"FW,MF",Getafe,32-267,1993,8,0,179,2.0,1,0,1,1,0,0,0,0,0.50,0.00,0.50,0.50,0.50,Matches
Luiz Lúcio Reis Júnior,br BRA,GK,Villarreal,25-028,2001,19,19,1710,19.0,0,0,0,0,0,0,3,0,0.00,0.00,0.00,0.00,0.00,Matches
Vinicius Júnior,br BRA,"FW,MF",Real Madrid,25-214,2000,22,19,1671,18.6,6,5,11,5,1,2,5,0,0.32,0.27,0.59,0.27,0.54,Matches
Ferran Jutglà,es ESP,"FW,MF",Celta Vigo,27-010,1999,15,10,743,8.3,2,1,3,2,0,0,3,0,0.24,0.12,0.36,0.24,0.36,Matches
Abu Kamara,eng ENG,MF,Getafe,22-205,2003,9,1,196,2.2,0,0,0,0,0,0,1,0,0.00,0.00,0.00,0.00,0.00,Matches
Jon Karrikaburu,es ESP,FW,Real Sociedad,23-145,2002,6,0,132,1.5,0,0,0,0,0,0,0,0,0.00,0.00,0.00,0.00,0.00,Matches
Kiké,es ESP,FW,Espanyol,36-078,1989,22,8,908,10.1,3,1,4,2,1,1,3,0,0.30,0.10,0.40,0.20,0.30,Matches
Koke,es ESP,MF,Atlético Madrid,34-034,1992,22,15,1425,15.8,2,2,4,2,0,0,4,0,0.13,0.13,0.25,0.13,0.25,Matches
Luca Koleosho,it ITA,MF,Espanyol,21-149,2004,3,0,63,0.7,0,0,0,0,0,0,0,0,0.00,0.00,0.00,0.00,0.00,Matches
Jules Koundé,fr FRA,DF,Barcelona,27-091,1998,22,17,1633,18.1,1,1,2,1,0,0,3,0,0.06,0.06,0.11,0.06,0.11,Matches
Lancinet Kourouma,gn GUI,FW,Girona,21-318,2004,5,0,43,0.5,0,0,0,0,0,0,0,1,0.00,0.00,0.00,0.00,0.00,Matches
Goduine Koyalipou,cf CTA,FW,Levante,25-361,2000,11,2,247,2.7,1,0,1,1,0,0,1,0,0.36,0.00,0.36,0.36,0.36,Matches
Vladyslav Krapyvtsov,ua UKR,GK,Girona,20-231,2005,2,1,136,1.5,0,0,0,0,0,0,0,0,0.00,0.00,0.00,0.00,0.00,Matches
Ladislav Krejčí,cz CZE,DF,Girona,26-297,1999,2,2,180,2.0,0,0,0,0,0,0,1,0,0.00,0.00,0.00,0.00,0.00,Matches
Takefusa Kubo,jp JPN,MF,Real Sociedad,24-252,2001,18,13,1179,13.1,2,3,5,2,0,0,0,0,0.15,0.23,0.38,0.15,0.38,Matches
Marash Kumbulla,al ALB,DF,Mallorca,26-003,2000,7,5,420,4.7,0,0,0,0,0,0,1,0,0.00,0.00,0.00,0.00,0.00,Matches
Adrián de la Fuente,es ESP,DF,Levante,26-350,1999,19,16,1466,16.3,2,1,3,1,1,1,4,0,0.12,0.06,0.18,0.06,0.12,Matches
Yoel Lago,es ESP,DF,Celta Vigo,21-323,2004,4,4,333,3.7,0,0,0,0,0,0,2,0,0.00,0.00,0.00,0.00,0.00,Matches
Aymeric Laporte,es ESP,DF,Athletic Club,31-260,1994,12,11,949,10.5,0,1,1,0,0,0,2,0,0.00,0.09,0.09,0.00,0.09,Matches
Toni Lato,es ESP,"DF,MF",Mallorca,28-082,1997,6,4,299,3.3,0,1,1,0,0,0,1,0,0.00,0.30,0.30,0.00,0.30,Matches
Robin Le Normand,es ESP,DF,Atlético Madrid,29-092,1996,17,11,1156,12.8,1,0,1,1,0,0,2,0,0.08,0.00,0.08,0.08,0.08,Matches
Florian Lejeune,fr FRA,DF,Rayo Vallecano,34-267,1991,22,22,1970,21.9,0,0,0,0,0,0,3,0,0.00,0.00,0.00,0.00,0.00,Matches
Youssef Lekhedim,es ESP,"DF,MF",Alavés,20-127,2005,17,8,836,9.3,0,0,0,0,0,0,2,0,0.00,0.00,0.00,0.00,0.00,Matches
Iñigo Lekue,es ESP,DF,Athletic Club,32-283,1993,7,5,355,3.9,0,0,0,0,0,0,1,2,0.00,0.00,0.00,0.00,0.00,Matches
Thomas Lemar,fr FRA,MF,Girona,30-091,1995,14,7,714,7.9,1,1,2,1,0,0,2,0,0.13,0.13,0.25,0.13,0.25,Matches
Ruben Lendinez,es ESP,DF,Valencia,22-334,2003,1,0,4,0.0,0,0,0,0,0,0,0,0,0.00,0.00,0.00,0.00,0.00,Matches
Clément Lenglet,fr FRA,DF,Atlético Madrid,30-239,1995,10,10,775,8.6,0,0,0,0,0,0,4,1,0.00,0.00,0.00,0.00,0.00,Matches
Robert Lewandowski,pl POL,FW,Barcelona,37-174,1988,18,9,923,10.3,10,1,11,9,1,3,2,0,0.98,0.10,1.07,0.88,0.98,Matches
Adrián Liso,es ESP,"FW,MF",Getafe,20-315,2005,19,17,1340,14.9,3,0,3,3,0,0,2,0,0.20,0.00,0.20,0.20,0.20,Matches
Javier Llabrés,es ESP,MF,Mallorca,23-153,2002,12,1,156,1.7,0,0,0,0,0,0,0,0,0.00,0.00,0.00,0.00,0.00,Matches
Diego Llorente,es ESP,DF,Real Betis,32-179,1993,6,4,292,3.2,1,0,1,1,0,0,0,0,0.31,0.00,0.31,0.31,0.31,Matches
Marcos Llorente,es ESP,"DF,MF",Atlético Madrid,31-012,1995,19,19,1588,17.6,0,3,3,0,0,0,3,0,0.00,0.17,0.17,0.00,0.17,Matches
Giovani Lo Celso,ar ARG,MF,Real Betis,29-308,1996,17,11,1094,12.2,2,2,4,2,0,0,3,0,0.16,0.16,0.33,0.16,0.33,Matches
Ademola Lookman,ng NGA,FW,Atlético Madrid,28-114,1997,1,1,69,0.8,0,0,0,0,0,0,1,0,0.00,0.00,0.00,0.00,0.00,Matches
David López,es ESP,DF,Mallorca,23-008,2003,4,4,331,3.7,0,0,0,0,0,0,1,0,0.00,0.00,0.00,0.00,0.00,Matches
David López,es ESP,DF,Girona,36-125,1989,3,2,202,2.2,0,0,0,0,0,0,0,0,0.00,0.00,0.00,0.00,0.00,Matches
Diego López,es ESP,"MF,FW",Valencia,23-274,2002,22,15,1289,14.3,3,0,3,3,0,0,2,0,0.21,0.00,0.21,0.21,0.21,Matches
Fer López,es ESP,"MF,FW",Celta Vigo,21-263,2004,2,2,162,1.8,0,0,0,0,0,0,0,0,0.00,0.00,0.00,0.00,0.00,Matches
Fermin López,es ESP,MF,Barcelona,22-276,2003,17,10,982,10.9,4,5,9,4,0,0,2,0,0.37,0.46,0.82,0.37,0.82,Matches
Hugo López,es ESP,MF,Villarreal,19-041,2007,1,0,11,0.1,0,0,0,0,0,0,0,0,0.00,0.00,0.00,0.00,0.00,Matches
Javi López,es ESP,DF,Oviedo,23-323,2002,10,7,572,6.4,0,0,0,0,0,0,0,0,0.00,0.00,0.00,0.00,0.00,Matches
Pau López,es ESP,GK,Real Betis,31-060,1994,8,8,720,8.0,0,0,0,0,0,0,1,0,0.00,0.00,0.00,0.00,0.00,Matches
Unai López,es ESP,MF,Rayo Vallecano,30-104,1995,16,14,1027,11.4,0,3,3,0,0,0,7,1,0.00,0.26,0.26,0.00,0.26,Matches
Iker Losada,es ESP,MF,Levante,24-194,2001,11,4,350,3.9,2,0,2,2,0,0,0,0,0.51,0.00,0.51,0.51,0.51,Matches
Pol Lozano,es ESP,MF,Espanyol,26-128,1999,21,19,1474,16.4,1,0,1,1,0,0,6,0,0.06,0.00,0.06,0.06,0.06,Matches
Sergio Lozano,es ESP,MF,Levante,26-324,1999,1,0,12,0.1,0,0,0,0,0,0,0,0,0.00,0.00,0.00,0.00,0.00,Matches
Oier Luengo,es ESP,DF,Oviedo,28-092,1997,3,3,225,2.5,0,1,1,0,0,0,1,0,0.00,0.40,0.40,0.00,0.40,Matches
José Luis Gayà,es ESP,DF,Valencia,30-262,1995,19,18,1456,16.2,1,1,2,1,0,0,5,1,0.06,0.06,0.12,0.06,0.12,Matches
José Luis Morales,es ESP,MF,Levante,38-203,1987,17,1,299,3.3,1,1,2,0,1,1,1,0,0.30,0.30,0.60,0.00,0.30,Matches
Dodi Lukebakio,be BEL,MF,Sevilla,28-140,1997,2,2,180,2.0,1,0,1,1,0,0,0,0,0.50,0.00,0.50,0.50,0.50,Matches
Carlos Macià,es ESP,MF,Villarreal,17-163,2008,4,0,81,0.9,0,0,0,0,0,0,1,0,0.00,0.00,0.00,0.00,0.00,Matches
Pablo Maffeo,es ESP,DF,Mallorca,28-214,1997,18,17,1531,17.0,1,0,1,1,0,0,5,0,0.06,0.00,0.06,0.06,0.06,Matches
Aitor Mañas,es ESP,FW,Alavés,23-037,2003,5,0,68,0.8,0,0,0,0,0,0,0,0,0.00,0.00,0.00,0.00,0.00,Matches
Marcão,br BRA,DF,Sevilla,29-251,1996,13,11,938,10.4,1,0,1,1,0,0,5,1,0.10,0.00,0.10,0.10,0.10,Matches
José María Giménez,uy URU,DF,Atlético Madrid,31-022,1995,9,8,724,8.0,0,0,0,0,0,0,3,0,0.00,0.00,0.00,0.00,0.00,Matches
Mariano,do DOM,FW,Alavés,32-194,1993,9,3,281,3.1,0,0,0,0,0,0,1,0,0.00,0.00,0.00,0.00,0.00,Matches
Arkaitz Mariezkurrena,es ESP,FW,Real Sociedad,20-312,2005,1,0,1,0.0,0,0,0,0,0,0,0,0,0.00,0.00,0.00,0.00,0.00,Matches
Rafa Marín,es ESP,DF,Villarreal,23-268,2002,15,14,1316,14.6,1,0,1,1,0,0,1,0,0.07,0.00,0.07,0.07,0.07,Matches
Pablo Marín,es ESP,MF,Real Sociedad,22-223,2003,20,9,888,9.9,0,0,0,0,0,0,1,0,0.00,0.00,0.00,0.00,0.00,Matches
Tomas Marques,es ESP,MF,Barcelona,19-104,2006,1,0,7,0.1,0,0,0,0,0,0,0,0,0.00,0.00,0.00,0.00,0.00,Matches
Carlos Martín,es ESP,"MF,FW",Rayo Vallecano,23-295,2002,4,3,198,2.2,0,0,0,0,0,0,1,0,0.00,0.00,0.00,0.00,0.00,Matches
Gerard Martín,es ESP,DF,Barcelona,24-041,2002,19,13,1025,11.4,0,0,0,0,0,0,4,0,0.00,0.00,0.00,0.00,0.00,Matches
Iván Martín,es ESP,MF,Girona,26-362,1999,21,20,1706,19.0,0,1,1,0,0,0,5,1,0.00,0.05,0.05,0.00,0.05,Matches
Jon Martin,es ESP,DF,Real Sociedad,19-294,2006,14,14,1260,14.0,0,0,0,0,0,0,4,0,0.00,0.00,0.00,0.00,0.00,Matches
Mario Martín,es ESP,"MF,FW",Getafe,21-343,2004,22,20,1445,16.1,2,0,2,2,0,0,8,0,0.12,0.00,0.12,0.12,0.12,Matches
Arnau Martinez,es ESP,"DF,MF",Girona,22-292,2003,20,18,1440,16.0,1,1,2,1,0,0,5,0,0.06,0.06,0.12,0.06,0.12,Matches
Joaquín Martínez Gauna,es ESP,"MF,DF",Sevilla,22-217,2003,8,5,554,6.2,0,1,1,0,0,0,1,0,0.00,0.16,0.16,0.00,0.16,Matches
Pablo Martínez,es ESP,MF,Levante,27-354,1998,16,12,1095,12.2,1,2,3,1,0,0,2,0,0.08,0.16,0.25,0.08,0.25,Matches
Ramón Martínez,es ESP,DF,Sevilla,23-112,2002,2,0,102,1.1,0,0,0,0,0,0,0,0,0.00,0.00,0.00,0.00,0.00,Matches
Toni Martínez,es ESP,FW,Alavés,28-226,1997,22,17,1444,16.0,4,2,6,4,0,0,0,0,0.25,0.12,0.37,0.25,0.37,Matches
Omar Mascarell,gq EQG,MF,Mallorca,33-009,1993,16,12,1112,12.4,1,1,2,1,0,0,3,0,0.08,0.08,0.16,0.08,0.16,Matches
Franco Mastantuono,ar ARG,"MF,FW",Real Madrid,18-181,2007,15,9,748,8.3,1,0,1,1,0,0,4,0,0.12,0.00,0.12,0.12,0.12,Matches
Alan Matturro,uy URU,DF,Levante,21-123,2004,10,6,484,5.4,1,0,1,1,0,0,0,1,0.19,0.00,0.19,0.19,0.19,Matches
Neal Maupay,fr FRA,FW,Sevilla,29-181,1996,2,2,168,1.9,1,0,1,1,0,0,0,0,0.54,0.00,0.54,0.54,0.54,Matches
Borja Mayoral,es ESP,FW,Getafe,28-312,1997,14,12,1041,11.6,4,1,5,4,0,1,0,0,0.35,0.09,0.43,0.35,0.43,Matches
Kylian Mbappé,fr FRA,FW,Real Madrid,27-053,1998,22,22,1930,21.4,23,4,27,15,8,9,3,0,1.07,0.19,1.26,0.70,0.89,Matches
Brais Méndez,es ESP,"MF,FW",Real Sociedad,29-035,1997,21,15,1233,13.7,5,2,7,4,1,1,3,1,0.36,0.15,0.51,0.29,0.44,Matches
Rodrigo Mendoza,es ESP,"MF,FW",Elche,20-333,2005,16,6,794,8.8,1,0,1,1,0,0,4,0,0.11,0.00,0.11,0.11,0.11,Matches
Rodrigo Mendoza,es ESP,MF,Atlético Madrid,20-333,2005,1,1,54,0.6,0,0,0,0,0,0,0,0,0.00,0.00,0.00,0.00,0.00,Matches
Batista Mendy,fr FRA,MF,Sevilla,26-030,2000,18,17,1388,15.4,1,0,1,1,0,0,5,0,0.06,0.00,0.06,0.06,0.06,Matches
Ferland Mendy,fr FRA,DF,Real Madrid,30-248,1995,1,0,2,0.0,0,0,0,0,0,0,0,0,0.00,0.00,0.00,0.00,0.00,Matches
Nobel Mendy,fr FRA,DF,Rayo Vallecano,21-161,2004,13,12,1034,11.5,1,0,1,1,0,0,3,1,0.09,0.00,0.09,0.09,0.09,Matches
Alejandro Mestanza,es ESP,MF,Getafe,21-066,2004,3,1,71,0.8,0,0,0,0,0,0,0,0,0.00,0.00,0.00,0.00,0.00,Matches
Georges Mikautadze,ge GEO,FW,Villarreal,25-103,2000,17,12,1063,11.8,6,4,10,6,0,0,0,0,0.51,0.34,0.85,0.51,0.85,Matches
Éder Militão,br BRA,DF,Real Madrid,28-024,1998,13,12,1000,11.1,1,1,2,1,0,0,2,0,0.09,0.09,0.18,0.09,0.18,Matches
Luis Milla,es ESP,MF,Getafe,31-127,1994,22,22,1934,21.5,0,8,8,0,0,0,3,1,0.00,0.37,0.37,0.00,0.37,Matches
Pere Milla,es ESP,"MF,FW",Espanyol,33-141,1992,21,19,1433,15.9,6,0,6,6,0,0,4,1,0.38,0.00,0.38,0.38,0.38,Matches
Óscar Mingueza,es ESP,"MF,DF",Celta Vigo,26-274,1999,20,14,1240,13.8,1,2,3,1,0,0,3,0,0.07,0.15,0.22,0.07,0.22,Matches
Bojan Miovski,mk MKD,FW,Girona,26-232,1999,1,1,44,0.5,0,0,0,0,0,0,0,0,0.00,0.00,0.00,0.00,0.00,Matches
Rafa Mir,es ESP,"FW,MF",Elche,28-238,1997,18,15,1308,14.5,6,0,6,6,0,1,1,0,0.41,0.00,0.41,0.41,0.41,Matches
Johan Mojica,co COL,DF,Mallorca,33-174,1992,23,19,1768,19.6,0,3,3,0,0,0,3,0,0.00,0.15,0.15,0.00,0.15,Matches
Alberto Moleiro,es ESP,"MF,FW",Villarreal,22-134,2003,22,19,1500,16.7,9,4,13,9,0,0,2,0,0.54,0.24,0.78,0.54,0.78,Matches
Nahuel Molina,ar ARG,DF,Atlético Madrid,27-311,1998,15,7,636,7.1,0,1,1,0,0,0,1,0,0.00,0.14,0.14,0.00,0.14,Matches
Jon Moncayola,es ESP,MF,Osasuna,27-274,1998,21,21,1817,20.2,0,4,4,0,0,0,5,0,0.00,0.20,0.20,0.00,0.20,Matches
Jano Monserrate,es ESP,MF,Atlético Madrid,20-014,2006,1,0,18,0.2,0,0,0,0,0,0,0,0,0.00,0.00,0.00,0.00,0.00,Matches
Jorge Montes,es ESP,DF,Getafe,21-342,2004,1,0,27,0.3,0,0,0,0,0,0,0,0,0.00,0.00,0.00,0.00,0.00,Matches
Diego Morcillo,es ESP,FW,Alavés,22-238,2003,1,0,10,0.1,0,0,0,0,0,0,0,0,0.00,0.00,0.00,0.00,0.00,Matches
Álex Moreno,es ESP,"DF,MF",Girona,32-248,1993,21,20,1845,20.5,0,3,3,0,0,0,4,0,0.00,0.15,0.15,0.00,0.15,Matches
Gerard Moreno,es ESP,FW,Villarreal,33-310,1992,12,10,721,8.0,7,0,7,5,2,2,0,0,0.87,0.00,0.87,0.62,0.62,Matches
Matias Moreno,ar ARG,DF,Levante,22-140,2003,14,13,1063,11.8,0,0,0,0,0,0,3,0,0.00,0.00,0.00,0.00,0.00,Matches
Mateu Morey,es ESP,"DF,MF",Mallorca,25-346,2000,14,8,614,6.8,1,0,1,1,0,0,2,0,0.15,0.00,0.15,0.15,0.15,Matches
Ilaix Moriba,gn GUI,MF,Celta Vigo,23-023,2003,23,17,1565,17.4,0,1,1,0,0,0,4,0,0.00,0.06,0.06,0.00,0.06,Matches
Manu Morlanes,es ESP,MF,Mallorca,27-030,1999,17,12,904,10.0,1,0,1,1,0,0,3,1,0.10,0.00,0.10,0.10,0.10,Matches
Raúl Moro,es ESP,MF,Osasuna,23-068,2002,2,2,148,1.6,0,1,1,0,0,0,0,0,0.00,0.61,0.61,0.00,0.61,Matches
Santiago Mouriño,uy URU,DF,Villarreal,23-363,2002,15,14,1262,14.0,0,1,1,0,0,0,7,1,0.00,0.07,0.07,0.00,0.07,Matches
Aihen Muñoz,es ESP,DF,Real Sociedad,28-179,1997,15,6,596,6.6,0,0,0,0,0,0,1,0,0.00,0.00,0.00,0.00,0.00,Matches
Iker Muñoz,es ESP,MF,Osasuna,23-098,2002,9,3,453,5.0,0,0,0,0,0,0,3,0,0.00,0.00,0.00,0.00,0.00,Matches
Javier Muñoz,es ESP,"MF,FW",Getafe,30-348,1995,12,4,477,5.3,0,0,0,0,0,0,0,0,0.00,0.00,0.00,0.00,0.00,Matches
Víctor Muñoz,es ESP,"MF,FW",Osasuna,22-213,2003,23,21,1750,19.4,4,1,5,4,0,0,2,0,0.21,0.05,0.26,0.21,0.26,Matches
Vedat Muriqi,xk KVX,FW,Mallorca,31-293,1994,22,21,1792,19.9,15,1,16,10,5,6,1,1,0.75,0.05,0.80,0.50,0.55,Matches
Juan Musso,ar ARG,GK,Atlético Madrid,31-281,1994,1,1,90,1.0,0,0,0,0,0,0,1,0,0.00,0.00,0.00,0.00,0.00,Matches
Natan,br BRA,DF,Real Betis,25-005,2001,21,21,1804,20.0,0,0,0,0,0,0,5,0,0.00,0.00,0.00,0.00,0.00,Matches
Pau Navarro,es ESP,DF,Villarreal,20-292,2005,10,10,822,9.1,0,0,0,0,0,0,3,0,0.00,0.00,0.00,0.00,0.00,Matches
Roberto Navarro,es ESP,MF,Athletic Club,23-305,2002,19,6,704,7.8,5,1,6,5,0,0,1,0,0.64,0.13,0.77,0.64,0.77,Matches
Martim Neto,pt POR,MF,Elche,23-028,2003,19,12,1061,11.8,2,4,6,2,0,0,1,0,0.17,0.34,0.51,0.17,0.51,Matches
Yvan Neyou,cm CMR,MF,Getafe,29-039,1997,5,0,67,0.7,0,0,0,0,0,0,2,0,0.00,0.00,0.00,0.00,0.00,Matches
Cyril Ngonge,be BEL,"FW,MF",Espanyol,25-261,2000,1,0,32,0.4,0,1,1,0,0,0,0,0,0.00,2.81,2.81,0.00,2.81,Matches
Tanguy Nianzou,fr FRA,DF,Sevilla,23-249,2002,7,3,336,3.7,0,0,0,0,0,0,4,0,0.00,0.00,0.00,0.00,0.00,Matches
Randy Nteka,ao ANG,"FW,MF",Rayo Vallecano,28-067,1997,6,0,81,0.9,0,0,0,0,0,0,0,0,0.00,0.00,0.00,0.00,0.00,Matches
Álvaro Núñez,es ESP,"DF,MF",Elche,25-219,2000,19,19,1647,18.3,0,2,2,0,0,0,2,0,0.00,0.11,0.11,0.00,0.11,Matches
Unai Núñez,es ESP,DF,Valencia,29-012,1997,1,1,71,0.8,0,0,0,0,0,0,0,0,0.00,0.00,0.00,0.00,0.00,Matches
Ørjan Nyland,no NOR,GK,Sevilla,35-154,1990,4,4,360,4.0,0,0,0,0,0,0,1,0,0.00,0.00,0.00,0.00,0.00,Matches
Allan Nyom,cm CMR,DF,Getafe,37-277,1988,9,4,274,3.0,0,0,0,0,0,0,4,1,0.00,0.00,0.00,0.00,0.00,Matches
Jan Oblak,si SVN,GK,Atlético Madrid,33-035,1993,22,22,1980,22.0,0,0,0,0,0,0,0,0,0.00,0.00,0.00,0.00,0.00,Matches
Job Ochieng',ke KEN,FW,Real Sociedad,23-025,2003,1,0,26,0.3,0,0,0,0,0,0,0,0,0.00,0.00,0.00,0.00,0.00,Matches
Álvaro Odriozola,es ESP,DF,Real Sociedad,30-059,1995,4,2,198,2.2,1,0,1,1,0,0,0,0,0.45,0.00,0.45,0.45,0.45,Matches
Olasagasti,es ESP,MF,Levante,25-179,2000,18,4,540,6.0,1,2,3,1,0,0,2,0,0.17,0.33,0.50,0.17,0.50,Matches
Dani Olmo,es ESP,MF,Barcelona,27-280,1998,18,12,1124,12.5,6,6,12,6,0,0,0,0,0.48,0.48,0.96,0.48,0.96,Matches
Tani Oluwaseyi,ca CAN,FW,Villarreal,25-272,2000,18,4,538,6.0,2,1,3,2,0,0,0,0,0.33,0.17,0.50,0.33,0.50,Matches
Aimar Oroz,es ESP,"MF,FW",Osasuna,24-076,2001,17,14,1232,13.7,0,2,2,0,0,0,4,0,0.00,0.15,0.15,0.00,0.15,Matches
Ángel Ortíz,es ESP,DF,Real Betis,21-201,2004,9,5,403,4.5,0,0,0,0,0,0,1,0,0.00,0.00,0.00,0.00,0.00,Matches
Asier Osambela,es ESP,DF,Osasuna,22-003,2004,9,2,259,2.9,1,0,1,1,0,0,0,0,0.35,0.00,0.35,0.35,0.35,Matches
Azzedine Ounahi,ma MAR,MF,Girona,25-298,2000,10,9,780,8.7,3,1,4,3,0,0,5,0,0.35,0.12,0.46,0.35,0.46,Matches
Mikel Oyarzabal,es ESP,FW,Real Sociedad,28-296,1997,20,20,1739,19.3,9,3,12,6,3,3,2,0,0.47,0.16,0.62,0.31,0.47,Matches
Jon Pacheco,es ESP,DF,Alavés,25-034,2001,17,16,1411,15.7,0,0,0,0,0,0,2,0,0.00,0.00,0.00,0.00,0.00,Matches
Isaac Palazón Camacho,es ESP,"MF,FW",Rayo Vallecano,31-046,1994,21,19,1578,17.5,2,3,5,0,2,3,7,0,0.11,0.17,0.29,0.00,0.17,Matches
Diego Pampín,es ESP,DF,Levante,25-333,2000,5,3,278,3.1,0,0,0,0,0,0,2,0,0.00,0.00,0.00,0.00,0.00,Matches
Victor Parada,es ESP,DF,Alavés,23-313,2002,17,12,1085,12.1,0,1,1,0,0,0,6,0,0.00,0.08,0.08,0.00,0.08,Matches
Aitor Paredes,es ESP,DF,Athletic Club,25-288,2000,16,15,1360,15.1,1,0,1,1,0,0,4,0,0.07,0.00,0.07,0.07,0.07,Matches
Daniel Parejo,es ESP,MF,Villarreal,36-301,1989,19,11,950,10.6,0,0,0,0,0,0,2,0,0.00,0.00,0.00,0.00,0.00,Matches
Thomas Partey,gh GHA,MF,Villarreal,32-243,1993,14,7,668,7.4,0,0,0,0,0,0,0,0,0.00,0.00,0.00,0.00,0.00,Matches
Alfonso Pedraza,es ESP,DF,Villarreal,29-308,1996,16,11,970,10.8,1,2,3,1,0,0,5,0,0.09,0.19,0.28,0.09,0.28,Matches
Pedri,es ESP,MF,Barcelona,23-078,2002,16,14,1214,13.5,2,5,7,2,0,0,2,1,0.15,0.37,0.52,0.15,0.52,Matches
Adrià Pedrosa,es ESP,"DF,MF",Elche,27-274,1998,15,6,732,8.1,1,1,2,1,0,0,4,0,0.12,0.12,0.25,0.12,0.25,Matches
Adrià Pedrosa,es ESP,"DF,MF",Sevilla,27-274,1998,1,0,6,0.1,0,0,0,0,0,0,0,0,0.00,0.00,0.00,0.00,0.00,Matches
Iñaki Peña,es ESP,GK,Elche,26-346,1999,16,16,1440,16.0,0,0,0,0,0,0,0,0,0.00,0.00,0.00,0.00,0.00,Matches
Nicolas Pépé,ci CIV,"FW,MF",Villarreal,30-258,1995,21,13,1253,13.9,3,3,6,3,0,0,2,0,0.22,0.22,0.43,0.22,0.43,Matches
Peque,es ESP,"MF,FW",Sevilla,23-130,2002,19,11,861,9.6,2,1,3,2,0,0,5,0,0.21,0.10,0.31,0.21,0.31,Matches
Ángel Pérez,es ESP,DF,Alavés,23-166,2002,1,0,14,0.2,0,0,0,0,0,0,0,0,0.00,0.00,0.00,0.00,0.00,Matches
Ayoze Pérez,es ESP,FW,Villarreal,32-197,1993,14,6,569,6.3,2,3,5,2,0,0,2,0,0.32,0.47,0.79,0.32,0.79,Matches
Francisco Perez,es ESP,"MF,FW",Rayo Vallecano,23-155,2002,18,5,704,7.8,1,0,1,1,0,0,2,0,0.13,0.00,0.13,0.13,0.13,Matches
Joselu Pérez,es ESP,DF,Getafe,21-336,2004,2,0,22,0.2,0,0,0,0,0,0,0,0,0.00,0.00,0.00,0.00,0.00,Matches
Léo Pétrot,fr FRA,"DF,MF",Elche,28-302,1997,20,9,845,9.4,0,0,0,0,0,0,1,0,0.00,0.00,0.00,0.00,0.00,Matches
Charles Pickel,cd COD,MF,Espanyol,28-272,1997,14,2,413,4.6,0,0,0,0,0,0,1,0,0.00,0.00,0.00,0.00,0.00,Matches
Lander Pinillos,es ESP,MF,Alavés,22-128,2003,1,0,2,0.0,0,0,0,0,0,0,0,0,0.00,0.00,0.00,0.00,0.00,Matches
Yeremi Pino,es ESP,MF,Villarreal,23-114,2002,2,2,159,1.8,0,1,1,0,0,0,0,0,0.00,0.57,0.57,0.00,0.57,Matches
Portu,es ESP,"FW,MF",Girona,33-266,1992,10,4,474,5.3,0,0,0,0,0,0,2,0,0.00,0.00,0.00,0.00,0.00,Matches
Beñat Prados,es ESP,MF,Athletic Club,25-003,2001,2,1,85,0.9,0,0,0,0,0,0,1,0,0.00,0.00,0.00,0.00,0.00,Matches
Abdón Prats,es ESP,FW,Mallorca,33-066,1992,9,0,86,1.0,0,0,0,0,0,0,0,0,0.00,0.00,0.00,0.00,0.00,Matches
Javi Puado,es ESP,"MF,FW",Espanyol,27-262,1998,10,8,674,7.5,2,0,2,1,1,2,2,0,0.27,0.00,0.27,0.13,0.13,Matches
Marc Pubill,es ESP,DF,Atlético Madrid,22-236,2003,10,7,686,7.6,0,1,1,0,0,0,1,0,0.00,0.13,0.13,0.00,0.13,Matches
Dani Raba,es ESP,FW,Valencia,30-105,1995,11,3,252,2.8,0,1,1,0,0,0,0,0,0.00,0.36,0.36,0.00,0.36,Matches
Ionuț Radu,ro ROU,GK,Celta Vigo,28-259,1997,23,23,2070,23.0,0,0,0,0,0,0,0,0,0.00,0.00,0.00,0.00,0.00,Matches
Ugo Raghouber,fr FRA,MF,Levante,22-213,2003,4,3,285,3.2,0,0,0,0,0,0,0,0,0.00,0.00,0.00,0.00,0.00,Matches
Antonio Raillo,es ESP,DF,Mallorca,34-126,1991,18,18,1620,18.0,0,1,1,0,0,0,2,0,0.00,0.06,0.06,0.00,0.06,Matches
Largie Ramazani,be BEL,"FW,MF",Valencia,24-349,2001,12,0,201,2.2,1,1,2,0,1,1,2,0,0.45,0.45,0.90,0.00,0.45,Matches
Raphinha,br BRA,"MF,FW",Barcelona,29-059,1996,14,12,867,9.6,8,3,11,7,1,1,2,0,0.83,0.31,1.14,0.73,1.04,Matches
Marcus Rashford,eng ENG,"MF,FW",Barcelona,28-103,1997,21,13,1249,13.9,4,6,10,4,0,0,2,0,0.29,0.43,0.72,0.29,0.72,Matches
Giacomo Raspadori,it ITA,FW,Atlético Madrid,25-358,2000,12,1,236,2.6,0,1,1,0,0,0,1,0,0.00,0.38,0.38,0.00,0.38,Matches
Andrei Ratiu,ro ROU,DF,Rayo Vallecano,27-236,1998,19,19,1657,18.4,0,1,1,0,0,0,5,0,0.00,0.05,0.05,0.00,0.05,Matches
Raúl,es ESP,FW,Osasuna,25-100,2000,22,5,694,7.7,4,0,4,4,0,0,1,0,0.52,0.00,0.52,0.52,0.52,Matches
Abde Rebbach,dz ALG,MF,Alavés,27-184,1998,19,8,820,9.1,0,0,0,0,0,0,4,0,0.00,0.00,0.00,0.00,0.00,Matches
Federico Redondo,ar ARG,MF,Elche,23-024,2003,7,0,67,0.7,0,0,0,0,0,0,0,1,0.00,0.00,0.00,0.00,0.00,Matches
Alejandro Rego,es ESP,MF,Athletic Club,22-245,2003,15,3,508,5.6,1,0,1,1,0,0,3,0,0.18,0.00,0.18,0.18,0.18,Matches
Alberto Reina,es ESP,MF,Oviedo,28-155,1997,21,15,1165,12.9,2,0,2,2,0,0,4,1,0.15,0.00,0.15,0.15,0.15,Matches
Vitor Reis,br BRA,DF,Girona,20-030,2006,22,21,1878,20.9,1,1,2,1,0,0,4,1,0.05,0.05,0.10,0.05,0.10,Matches
Álex Remiro,es ESP,GK,Real Sociedad,30-324,1995,23,23,2070,23.0,0,0,0,0,0,0,0,0,0.00,0.00,0.00,0.00,0.00,Matches
Oriol Rey,es ESP,MF,Levante,27-351,1998,12,8,748,8.3,0,0,0,0,0,0,2,0,0.00,0.00,0.00,0.00,0.00,Matches
Diego Rico,es ESP,DF,Getafe,32-353,1993,20,16,1532,17.0,0,0,0,0,0,0,2,0,0.00,0.00,0.00,0.00,0.00,Matches
Clemens Riedel,de GER,DF,Espanyol,22-207,2003,10,7,640,7.1,0,1,1,0,0,0,3,0,0.00,0.14,0.14,0.00,0.14,Matches
Hugo Rincón,es ESP,"DF,MF",Girona,23-015,2003,20,10,1131,12.6,0,1,1,0,0,0,2,0,0.00,0.08,0.08,0.00,0.08,Matches
Luis Rioja,es ESP,MF,Valencia,32-118,1993,22,18,1537,17.1,2,3,5,2,0,0,1,0,0.12,0.18,0.29,0.12,0.29,Matches
Rodrigo Riquelme,es ESP,MF,Real Betis,25-315,2000,17,7,591,6.6,0,1,1,0,0,0,1,0,0.00,0.15,0.15,0.00,0.15,Matches
Mihailo Ristić,rs SRB,"MF,DF",Celta Vigo,30-103,1995,4,4,251,2.8,0,0,0,0,0,0,0,0,0.00,0.00,0.00,0.00,0.00,Matches
Joel Roca,es ESP,"MF,FW",Girona,20-249,2005,19,9,825,9.2,1,0,1,1,0,0,3,0,0.11,0.00,0.11,0.11,0.11,Matches
Marc Roca,es ESP,MF,Real Betis,29-077,1996,18,15,1266,14.1,0,1,1,0,0,0,1,0,0.00,0.07,0.07,0.00,0.07,Matches
Álvaro Rodríguez,uy URU,FW,Elche,21-212,2004,20,14,1257,14.0,5,4,9,5,0,0,0,0,0.36,0.29,0.64,0.36,0.64,Matches
Damián Rodríguez,es ESP,MF,Celta Vigo,22-331,2003,2,2,150,1.7,0,0,0,0,0,0,1,0,0.00,0.00,0.00,0.00,0.00,Matches
Dani Rodríguez,es ESP,"FW,MF",Mallorca,37-250,1988,2,0,68,0.8,0,0,0,0,0,0,0,0,0.00,0.00,0.00,0.00,0.00,Matches
Guido Rodríguez,ar ARG,MF,Valencia,31-305,1994,1,0,19,0.2,0,0,0,0,0,0,0,0,0.00,0.00,0.00,0.00,0.00,Matches
Javi Rodríguez,es ESP,DF,Celta Vigo,22-230,2003,19,15,1404,15.6,0,0,0,0,0,0,3,0,0.00,0.00,0.00,0.00,0.00,Matches
Ricardo Rodríguez,ch SUI,DF,Real Betis,33-170,1992,15,11,957,10.6,0,1,1,0,0,0,0,0,0.00,0.09,0.09,0.00,0.09,Matches
Rodrygo,br BRA,"MF,FW",Real Madrid,25-033,2001,18,6,648,7.2,1,3,4,1,0,0,3,0,0.14,0.42,0.56,0.14,0.56,Matches
Leo Román,es ESP,GK,Mallorca,25-220,2000,18,18,1620,18.0,0,0,0,0,0,0,2,0,0.00,0.00,0.00,0.00,0.00,Matches
Miguel Román,es ESP,MF,Celta Vigo,23-047,2002,15,10,954,10.6,1,0,1,1,0,0,3,0,0.09,0.00,0.09,0.09,0.09,Matches
Carlos Romero,es ESP,DF,Espanyol,24-105,2001,21,21,1857,20.6,4,2,6,4,0,0,2,0,0.19,0.10,0.29,0.19,0.29,Matches
Isaac Romero,es ESP,FW,Sevilla,25-269,2000,17,12,962,10.7,3,0,3,3,0,1,4,1,0.28,0.00,0.28,0.28,0.28,Matches
Iván Romero,es ESP,"FW,MF",Levante,24-307,2001,19,18,1462,16.2,4,1,5,4,0,0,3,0,0.25,0.06,0.31,0.25,0.31,Matches
Zaid Romero,ar ARG,DF,Getafe,26-058,1999,3,3,270,3.0,0,0,0,0,0,0,0,0,0.00,0.00,0.00,0.00,0.00,Matches
Salomón Rondón,ve VEN,FW,Oviedo,36-148,1989,16,13,1032,11.5,2,0,2,2,0,1,2,0,0.17,0.00,0.17,0.17,0.17,Matches
Valentin Rosier,fr FRA,"MF,DF",Osasuna,29-176,1996,16,15,1218,13.5,0,1,1,0,0,0,4,1,0.00,0.07,0.07,0.00,0.07,Matches
Rubén,es ESP,DF,Espanyol,25-007,2001,13,4,466,5.2,0,0,0,0,0,0,2,0,0.00,0.00,0.00,0.00,0.00,Matches
Antonio Rüdiger,de GER,DF,Real Madrid,32-345,1993,7,6,605,6.7,0,0,0,0,0,0,0,0,0.00,0.00,0.00,0.00,0.00,Matches
Javier Rueda Garcia,es ESP,MF,Celta Vigo,23-279,2002,16,8,805,8.9,2,3,5,2,0,0,4,0,0.22,0.34,0.56,0.22,0.56,Matches
Matteo Ruggeri,it ITA,DF,Atlético Madrid,23-215,2002,16,12,999,11.1,0,0,0,0,0,0,3,0,0.00,0.00,0.00,0.00,0.00,Matches
Aitor Ruibal,es ESP,"DF,MF",Real Betis,29-326,1996,18,12,1123,12.5,4,1,5,4,0,0,2,0,0.32,0.08,0.40,0.32,0.40,Matches
Abel Ruiz,es ESP,FW,Girona,26-014,2000,3,0,37,0.4,0,0,0,0,0,0,0,0,0.00,0.00,0.00,0.00,0.00,Matches
Mathew Ryan,au AUS,GK,Levante,33-309,1992,20,20,1800,20.0,0,0,0,0,0,0,2,0,0.00,0.00,0.00,0.00,0.00,Matches
Umar Sadiq,ng NGA,FW,Valencia,29-009,1997,5,0,112,1.2,0,0,0,0,0,0,1,0,0.00,0.00,0.00,0.00,0.00,Matches
Umar Sadiq,ng NGA,FW,Real Sociedad,29-009,1997,5,2,153,1.7,0,0,0,0,0,0,1,0,0.00,0.00,0.00,0.00,0.00,Matches
Jan Salas,es ESP,MF,Mallorca,20-185,2005,2,0,17,0.2,0,0,0,0,0,0,0,0,0.00,0.00,0.00,0.00,0.00,Matches
Kike Salas,es ESP,DF,Sevilla,23-294,2002,12,10,943,10.5,1,0,1,1,0,0,0,0,0.10,0.00,0.10,0.10,0.10,Matches
José Salinas,es ESP,DF,Espanyol,25-134,2000,9,2,231,2.6,0,0,0,0,0,0,2,0,0.00,0.00,0.00,0.00,0.00,Matches
Oihan Sancet,es ESP,MF,Athletic Club,25-292,2000,16,14,1053,11.7,1,0,1,0,1,1,2,1,0.09,0.00,0.09,0.00,0.00,Matches
Álex Sánchez,es ESP,FW,Elche,19-343,2006,1,0,6,0.1,0,1,1,0,0,0,0,0,0.00,15.00,15.00,0.00,15.00,Matches
Alexis Sánchez,cl CHI,"FW,MF",Sevilla,37-054,1988,16,6,784,8.7,2,1,3,1,1,1,1,0,0.23,0.11,0.34,0.11,0.23,Matches
Antonio Sánchez,es ESP,MF,Mallorca,29-041,1997,19,7,768,8.5,0,0,0,0,0,0,4,1,0.00,0.00,0.00,0.00,0.00,Matches
Juanlu Sánchez,es ESP,"MF,DF",Sevilla,22-180,2003,19,15,1314,14.6,0,2,2,0,0,0,1,0,0.00,0.14,0.14,0.00,0.14,Matches
Borja Sánchez Laborde,es ESP,MF,Oviedo,29-350,1996,1,0,14,0.2,0,0,0,0,0,0,0,0,0.00,0.00,0.00,0.00,0.00,Matches
Manu Sánchez,es ESP,DF,Levante,25-171,2000,19,18,1633,18.1,1,1,2,1,0,0,5,0,0.06,0.06,0.11,0.06,0.11,Matches
Selton Sánchez,es ESP,MF,Athletic Club,18-356,2007,5,1,146,1.6,0,1,1,0,0,0,0,0,0.00,0.62,0.62,0.00,0.62,Matches
Álex Sancris,es ESP,"MF,FW",Getafe,29-024,1997,15,5,630,7.0,0,1,1,0,0,0,3,1,0.00,0.14,0.14,0.00,0.14,Matches
Maroan Sannadi,ma MAR,FW,Athletic Club,25-010,2001,8,2,259,2.9,1,0,1,1,0,0,2,0,0.35,0.00,0.35,0.35,0.35,Matches
Baptiste Santamaria,fr FRA,MF,Valencia,30-339,1995,18,7,751,8.3,1,1,2,1,0,0,2,0,0.12,0.12,0.24,0.12,0.24,Matches
Yago Santiago,es ESP,MF,Elche,22-302,2003,7,3,267,3.0,0,0,0,0,0,0,1,0,0.00,0.00,0.00,0.00,0.00,Matches
Martin Satriano,uy URU,FW,Getafe,24-356,2001,4,4,345,3.8,0,0,0,0,0,0,2,0,0.00,0.00,0.00,0.00,0.00,Matches
Nicolás Serrano,es ESP,MF,Athletic Club,22-343,2003,10,3,268,3.0,1,0,1,1,0,0,0,0,0.34,0.00,0.34,0.34,0.34,Matches
Kwasi Sibo,gh GHA,MF,Oviedo,27-232,1998,13,9,791,8.8,0,0,0,0,0,0,1,0,0.00,0.00,0.00,0.00,0.00,Matches
André Silva,pt POR,FW,Elche,30-097,1995,17,11,940,10.4,5,0,5,5,0,0,1,0,0.48,0.00,0.48,0.48,0.48,Matches
Giuliano Simeone,ar ARG,MF,Atlético Madrid,23-055,2002,21,18,1589,17.7,2,5,7,2,0,0,1,0,0.11,0.28,0.40,0.11,0.40,Matches
Unai Simón,es ESP,GK,Athletic Club,28-245,1997,23,23,2070,23.0,0,0,0,0,0,0,0,0,0.00,0.00,0.00,0.00,0.00,Matches
Antonio Sivera,es ESP,GK,Alavés,29-184,1996,23,23,2070,23.0,0,0,0,0,0,0,0,0,0.00,0.00,0.00,0.00,0.00,Matches
Alex Sola,es ESP,"DF,MF",Getafe,26-247,1999,1,0,13,0.1,0,0,0,0,0,0,0,0,0.00,0.00,0.00,0.00,0.00,Matches
Carlos Soler,es ESP,MF,Real Sociedad,29-040,1997,19,13,1199,13.3,2,2,4,2,0,0,2,1,0.15,0.15,0.30,0.15,0.30,Matches
Jhon Solis,co COL,MF,Girona,21-131,2004,12,3,380,4.2,0,0,0,0,0,0,0,0,0.00,0.00,0.00,0.00,0.00,Matches
Manor Solomon,il ISR,MF,Villarreal,26-202,1999,6,1,150,1.7,1,1,2,1,0,0,0,0,0.60,0.60,1.20,0.60,1.20,Matches
Hugo Solozabal,es ESP,MF,Getafe,23-004,2003,1,0,11,0.1,0,0,0,0,0,0,0,0,0.00,0.00,0.00,0.00,0.00,Matches
David Soria,es ESP,GK,Getafe,32-313,1993,23,23,2070,23.0,0,0,0,0,0,0,2,0,0.00,0.00,0.00,0.00,0.00,Matches
Hugo Sotelo,es ESP,MF,Celta Vigo,22-054,2003,14,11,908,10.1,0,1,1,0,0,0,2,0,0.00,0.10,0.10,0.00,0.10,Matches
Djibril Sow,ch SUI,MF,Sevilla,29-005,1997,19,16,1243,13.8,2,0,2,2,0,0,3,0,0.14,0.00,0.14,0.14,0.14,Matches
Carl Starfelt,se SWE,DF,Celta Vigo,30-255,1995,16,14,1221,13.6,0,0,0,0,0,0,3,1,0.00,0.00,0.00,0.00,0.00,Matches
Orri Steinn Óskarsson,is ISL,FW,Real Sociedad,21-166,2004,7,1,144,1.6,2,0,2,2,0,0,0,0,1.25,0.00,1.25,1.25,1.25,Matches
Cristhian Stuani,uy URU,FW,Girona,39-122,1986,12,1,219,2.4,3,0,3,0,3,4,2,0,1.23,0.00,1.23,0.00,0.00,Matches
Denis Suárez,es ESP,MF,Alavés,32-036,1994,18,10,934,10.4,1,0,1,1,0,0,4,0,0.10,0.00,0.10,0.10,0.10,Matches
Gabriel Suazo,cl CHI,"DF,MF",Sevilla,28-186,1997,16,14,1249,13.9,0,2,2,0,0,0,4,0,0.00,0.14,0.14,0.00,0.14,Matches
Luka Sučić,hr CRO,"FW,MF",Real Sociedad,23-156,2002,10,5,405,4.5,1,0,1,1,0,0,1,0,0.22,0.00,0.22,0.22,0.22,Matches
Williot Swedberg,se SWE,"FW,MF",Celta Vigo,22-010,2004,16,7,639,7.1,3,0,3,3,0,0,1,0,0.42,0.00,0.42,0.42,0.42,Matches
Wojciech Szczęsny,pl POL,GK,Barcelona,35-299,1990,6,6,540,6.0,0,0,0,0,0,0,0,0,0.00,0.00,0.00,0.00,0.00,Matches
Alexander Sørloth,no NOR,FW,Atlético Madrid,30-068,1995,22,12,1131,12.6,7,0,7,7,0,0,3,1,0.56,0.00,0.56,0.56,0.56,Matches
César Tárrega,es ESP,DF,Valencia,23-350,2002,20,18,1594,17.7,0,0,0,0,0,0,5,0,0.00,0.00,0.00,0.00,0.00,Matches
Aurélien Tchouaméni,fr FRA,MF,Real Madrid,26-015,2000,20,19,1655,18.4,0,0,0,0,0,0,5,0,0.00,0.00,0.00,0.00,0.00,Matches
Nahuel Tenaglia,ar ARG,DF,Alavés,29-355,1996,21,21,1890,21.0,1,0,1,1,0,0,2,0,0.05,0.00,0.05,0.05,0.05,Matches
Arnau Tenas,es ESP,GK,Villarreal,24-257,2001,3,3,270,3.0,0,0,0,0,0,0,0,0,0.00,0.00,0.00,0.00,0.00,Matches
Marc-André ter Stegen,de GER,GK,Girona,33-287,1992,2,2,180,2.0,0,0,0,0,0,0,0,0,0.00,0.00,0.00,0.00,0.00,Matches
Ramón Terrats,es ESP,MF,Espanyol,25-116,2000,15,5,456,5.1,1,0,1,1,0,0,0,0,0.20,0.00,0.20,0.20,0.20,Matches
Jeremy Toljan,de GER,DF,Levante,31-187,1994,22,22,1885,20.9,1,3,4,1,0,0,5,0,0.05,0.14,0.19,0.05,0.19,Matches
Pablo Torre,es ESP,MF,Mallorca,22-314,2003,21,8,760,8.4,1,2,3,1,0,0,2,0,0.12,0.24,0.36,0.12,0.36,Matches
Jofre Torrents,es ESP,DF,Barcelona,19-014,2007,3,0,50,0.6,0,0,0,0,0,0,0,0,0.00,0.00,0.00,0.00,0.00,Matches
Ferrán Torres,es ESP,FW,Barcelona,25-347,2000,21,16,1290,14.3,12,1,13,12,0,0,2,0,0.84,0.07,0.91,0.84,0.91,Matches
Lucas Torró,es ESP,MF,Osasuna,31-207,1994,21,20,1503,16.7,0,1,1,0,0,0,5,0,0.00,0.06,0.06,0.00,0.06,Matches
Óscar Trejo,ar ARG,"FW,MF",Rayo Vallecano,37-291,1988,5,0,57,0.6,0,0,0,0,0,0,2,0,0.00,0.00,0.00,0.00,0.00,Matches
Viktor Tsyhankov,ua UKR,"MF,FW",Girona,28-088,1997,17,16,1303,14.5,4,2,6,4,0,0,1,0,0.28,0.14,0.41,0.28,0.41,Matches
Kareem Tunde,es ESP,MF,Levante,20-176,2005,6,5,414,4.6,0,0,0,0,0,0,0,0,0.00,0.00,0.00,0.00,0.00,Matches
Beñat Turrientes,es ESP,MF,Real Sociedad,24-011,2002,14,7,608,6.8,0,1,1,0,0,0,3,0,0.00,0.15,0.15,0.00,0.15,Matches
Christantus Uche,ng NGA,FW,Getafe,22-268,2003,3,3,270,3.0,1,1,2,1,0,0,1,0,0.33,0.33,0.67,0.33,0.67,Matches
Filip Ugrinic,ch SUI,MF,Valencia,27-037,1999,13,7,700,7.8,0,3,3,0,0,0,2,0,0.00,0.39,0.39,0.00,0.39,Matches
Victor Valdepeñas,es ESP,DF,Real Madrid,19-114,2006,1,1,77,0.9,0,0,0,0,0,0,0,0,0.00,0.00,0.00,0.00,0.00,Matches
Óscar Valentín,es ESP,MF,Rayo Vallecano,31-175,1994,19,14,1214,13.5,0,0,0,0,0,0,2,1,0.00,0.00,0.00,0.00,0.00,Matches
Germán Valera,es ESP,"MF,DF",Elche,23-332,2002,22,20,1704,18.9,4,3,7,4,0,0,2,0,0.21,0.16,0.37,0.21,0.37,Matches
Martin Valjent,sk SVK,DF,Mallorca,30-062,1995,23,23,2070,23.0,0,0,0,0,0,0,2,0,0.00,0.00,0.00,0.00,0.00,Matches
Álvaro Vallés,es ESP,GK,Real Betis,28-201,1997,15,15,1350,15.0,0,0,0,0,0,0,0,0,0.00,0.00,0.00,0.00,0.00,Matches
Federico Valverde,uy URU,"DF,MF",Real Madrid,27-204,1998,22,20,1831,20.3,0,6,6,0,0,0,2,0,0.00,0.29,0.29,0.00,0.29,Matches
Vladyslav Vanat,ua UKR,FW,Girona,24-038,2002,20,20,1487,16.5,7,0,7,4,3,3,4,0,0.42,0.00,0.42,0.24,0.24,Matches
Obed Vargas,mx MEX,MF,Atlético Madrid,20-190,2005,1,0,21,0.2,0,0,0,0,0,0,0,0,0.00,0.00,0.00,0.00,0.00,Matches
Ruben Vargas,ch SUI,MF,Sevilla,27-190,1998,13,11,871,9.7,3,4,7,2,1,1,1,0,0.31,0.41,0.72,0.21,0.62,Matches
José Luis García Vayá,es ESP,MF,Valencia,27-184,1998,21,19,1644,18.3,2,0,2,1,1,3,3,0,0.11,0.00,0.11,0.05,0.05,Matches
Jesus Vazquez,es ESP,"DF,MF",Valencia,23-040,2003,13,5,646,7.2,0,0,0,0,0,0,1,0,0.00,0.00,0.00,0.00,0.00,Matches
Luis Vázquez,ar ARG,FW,Getafe,25-018,2001,3,3,240,2.7,2,0,2,2,0,0,0,0,0.75,0.00,0.75,0.75,0.75,Matches
Renato Veiga,pt POR,DF,Villarreal,22-197,2003,19,16,1463,16.3,0,0,0,0,0,0,2,1,0.00,0.00,0.00,0.00,0.00,Matches
Unai Vencedor Paris,es ESP,MF,Levante,25-088,2000,13,11,760,8.4,0,0,0,0,0,0,3,1,0.00,0.00,0.00,0.00,0.00,Matches
Jozhua Vertrouwd,nl NED,DF,Rayo Vallecano,21-174,2004,6,1,249,2.8,0,0,0,0,0,0,0,0,0.00,0.00,0.00,0.00,0.00,Matches
Mikel Vesga,es ESP,MF,Athletic Club,32-266,1993,13,1,266,3.0,0,0,0,0,0,0,0,0,0.00,0.00,0.00,0.00,0.00,Matches
Carlos Vicente,es ESP,MF,Alavés,26-294,1999,21,11,1258,14.0,5,0,5,2,3,3,1,0,0.36,0.00,0.36,0.14,0.14,Matches
Nacho Vidal,es ESP,DF,Oviedo,31-018,1995,14,13,1073,11.9,0,0,0,0,0,0,2,0,0.00,0.00,0.00,0.00,0.00,Matches
Gonzalo Villar,es ESP,MF,Elche,27-325,1998,1,0,12,0.1,0,0,0,0,0,0,1,0,0.00,0.00,0.00,0.00,0.00,Matches
Federico Viñas,uy URU,"FW,MF",Oviedo,27-226,1998,18,13,1182,13.1,3,0,3,2,1,1,4,3,0.23,0.00,0.23,0.15,0.15,Matches
Jan Virgili,es ESP,MF,Mallorca,19-200,2006,18,14,1186,13.2,0,4,4,0,0,0,0,0,0.00,0.30,0.30,0.00,0.30,Matches
Daniel Vivian,es ESP,DF,Athletic Club,26-211,1999,19,18,1648,18.3,0,0,0,0,0,0,6,1,0.00,0.00,0.00,0.00,0.00,Matches
Odysseas Vlachodimos,gr GRE,GK,Sevilla,31-291,1994,19,19,1710,19.0,0,0,0,0,0,0,1,0,0.00,0.00,0.00,0.00,0.00,Matches
Wesley,br BRA,MF,Real Sociedad,20-343,2005,1,0,14,0.2,0,0,0,0,0,0,0,0,0.00,0.00,0.00,0.00,0.00,Matches
Iñaki Williams,gh GHA,"MF,FW",Athletic Club,31-241,1994,15,11,995,11.1,1,2,3,0,1,1,1,0,0.09,0.18,0.27,0.00,0.18,Matches
Nico Williams,es ESP,MF,Athletic Club,23-214,2002,19,15,1308,14.5,4,2,6,3,1,2,1,0,0.28,0.14,0.41,0.21,0.34,Matches
Axel Witsel,be BEL,MF,Girona,37-030,1989,17,15,1296,14.4,1,0,1,1,0,0,2,1,0.07,0.00,0.07,0.07,0.07,Matches
Lamine Yamal,es ESP,"MF,FW",Barcelona,18-213,2007,19,18,1594,17.7,10,8,18,8,2,2,0,0,0.56,0.45,1.02,0.45,0.90,Matches
Arsen Zakharyan,ru RUS,MF,Real Sociedad,22-261,2003,12,1,291,3.2,0,0,0,0,0,0,1,0,0.00,0.00,0.00,0.00,0.00,Matches
Bryan Zaragoza,es ESP,"FW,MF",Celta Vigo,24-155,2001,19,13,1131,12.6,1,1,2,0,1,1,1,0,0.08,0.08,0.16,0.00,0.08,Matches
Igor Zubeldia,es ESP,DF,Real Sociedad,28-318,1997,18,17,1575,17.5,0,1,1,0,0,0,7,0,0.00,0.06,0.06,0.00,0.06,Matches
